clip_id,label,split_holdout,frames,keypoint_fill,mean_confidence,usable
sbml_kickflip0,kickflip,test,48.0,0.33700980392156865,0.8943385481834412,False
sbml_kickflip1,kickflip,test,48.0,0.3492647058823529,0.7876730561256409,False
sbml_kickflip10,kickflip,train,48.0,0.7218137254901961,0.8981473445892334,True
sbml_kickflip100,kickflip,train,48.0,0.2622549019607843,0.8118806481361389,False
sbml_kickflip101,kickflip,train,48.0,0.05269607843137255,0.77762770652771,False
sbml_kickflip102,kickflip,train,48.0,0.6311274509803921,0.8655862808227539,True
sbml_kickflip103,kickflip,train,48.0,0.3737745098039216,0.7875853776931763,False
sbml_kickflip104,kickflip,test,48.0,0.0,0.0,False
sbml_kickflip105,kickflip,test,48.0,0.7169117647058824,0.8425227999687195,True
sbml_kickflip106,kickflip,train,48.0,0.04779411764705882,0.8480107188224792,False
sbml_kickflip107,kickflip,train,48.0,0.6531862745098039,0.8550615906715393,True
sbml_kickflip108,kickflip,train,48.0,0.4178921568627451,0.8727802038192749,True
sbml_kickflip109,kickflip,train,48.0,0.6727941176470589,0.8240721225738525,True
sbml_kickflip11,kickflip,train,48.0,0.8909313725490197,0.8674578070640564,True
sbml_kickflip110,kickflip,train,48.0,0.6948529411764706,0.9005113244056702,True
sbml_kickflip111,kickflip,train,48.0,0.7610294117647058,0.850628674030304,True
sbml_kickflip112,kickflip,test,48.0,0.8296568627450981,0.8461825847625732,True
sbml_kickflip113,kickflip,test,48.0,0.8933823529411765,0.9311034679412842,True
sbml_kickflip12,kickflip,train,48.0,0.8774509803921569,0.8997422456741333,True
sbml_kickflip13,kickflip,train,48.0,0.7328431372549019,0.9194492101669312,True
sbml_kickflip14,kickflip,train,48.0,0.6776960784313726,0.8679786920547485,True
sbml_kickflip15,kickflip,train,48.0,0.8198529411764706,0.8829347491264343,True
sbml_kickflip16,kickflip,test,48.0,0.7524509803921569,0.8959249258041382,True
sbml_kickflip17,kickflip,test,48.0,0.8480392156862745,0.8899911642074585,True
sbml_kickflip18,kickflip,train,48.0,0.9044117647058824,0.8829635381698608,True
sbml_kickflip19,kickflip,train,48.0,0.6274509803921569,0.8778637647628784,True
sbml_kickflip2,kickflip,train,48.0,0.5281862745098039,0.8854826092720032,True
sbml_kickflip20,kickflip,train,48.0,0.5661764705882353,0.8896787166595459,True
sbml_kickflip21,kickflip,train,48.0,0.6948529411764706,0.8581748008728027,True
sbml_kickflip22,kickflip,train,48.0,0.13357843137254902,0.8483636379241943,False
sbml_kickflip23,kickflip,train,48.0,0.7953431372549019,0.9267014861106873,True
sbml_kickflip24,kickflip,test,48.0,0.875,0.8962265849113464,True
sbml_kickflip25,kickflip,test,48.0,0.3382352941176471,0.8435275554656982,False
sbml_kickflip26,kickflip,train,48.0,0.9338235294117647,0.8905995488166809,True
sbml_kickflip27,kickflip,train,48.0,0.125,0.8205872178077698,False
sbml_kickflip28,kickflip,train,48.0,0.7598039215686274,0.8759511709213257,True
sbml_kickflip29,kickflip,train,48.0,0.8737745098039216,0.871918261051178,True
sbml_kickflip3,kickflip,train,48.0,0.6017156862745098,0.8496764898300171,True
sbml_kickflip30,kickflip,train,48.0,0.7622549019607843,0.8806309103965759,True
sbml_kickflip31,kickflip,train,48.0,0.9424019607843137,0.8920087814331055,True
sbml_kickflip32,kickflip,test,48.0,0.9975490196078431,0.9118009209632874,True
sbml_kickflip33,kickflip,test,48.0,0.7818627450980392,0.9278792142868042,True
sbml_kickflip34,kickflip,train,48.0,0.9215686274509803,0.8961994051933289,True
sbml_kickflip35,kickflip,train,48.0,0.8676470588235294,0.8662130236625671,True
sbml_kickflip36,kickflip,train,48.0,0.8382352941176471,0.891817033290863,True
sbml_kickflip37,kickflip,train,48.0,0.8026960784313726,0.8996080756187439,True
sbml_kickflip38,kickflip,train,48.0,0.8958333333333334,0.9036557674407959,True
sbml_kickflip39,kickflip,train,48.0,0.8982843137254902,0.9086441993713379,True
sbml_kickflip4,kickflip,train,48.0,0.6838235294117647,0.9033676981925964,True
sbml_kickflip40,kickflip,test,48.0,0.8419117647058824,0.8814757466316223,True
sbml_kickflip41,kickflip,test,48.0,0.7683823529411765,0.8882176876068115,True
sbml_kickflip42,kickflip,train,48.0,0.6262254901960784,0.897700309753418,True
sbml_kickflip43,kickflip,train,48.0,0.7855392156862745,0.8688806891441345,True
sbml_kickflip44,kickflip,train,48.0,0.6764705882352942,0.8187633156776428,True
sbml_kickflip45,kickflip,train,48.0,0.5686274509803921,0.8332231640815735,True
sbml_kickflip46,kickflip,train,48.0,0.8014705882352942,0.8944835662841797,True
sbml_kickflip47,kickflip,train,48.0,0.8455882352941176,0.8749487996101379,True
sbml_kickflip48,kickflip,test,48.0,0.4485294117647059,0.7946793437004089,False
sbml_kickflip49,kickflip,test,48.0,0.8112745098039216,0.8759669661521912,True
sbml_kickflip5,kickflip,train,48.0,0.45588235294117646,0.7974352836608887,True
sbml_kickflip50,kickflip,train,48.0,0.6654411764705882,0.8093208074569702,True
sbml_kickflip51,kickflip,train,48.0,0.7708333333333334,0.9060341715812683,True
sbml_kickflip52,kickflip,train,48.0,0.7916666666666666,0.8760517835617065,True
sbml_kickflip53,kickflip,train,48.0,0.31004901960784315,0.8422937989234924,False
sbml_kickflip54,kickflip,train,48.0,0.2867647058823529,0.8131359219551086,False
sbml_kickflip55,kickflip,train,48.0,0.4950980392156863,0.8283280730247498,True
sbml_kickflip56,kickflip,test,48.0,0.29534313725490197,0.8305121660232544,False
sbml_kickflip57,kickflip,test,48.0,0.35784313725490197,0.8567336201667786,False
sbml_kickflip58,kickflip,train,48.0,0.3762254901960784,0.8349822163581848,False
sbml_kickflip59,kickflip,train,48.0,0.2806372549019608,0.8075898289680481,False
sbml_kickflip6,kickflip,train,48.0,0.34558823529411764,0.8084273934364319,False
sbml_kickflip60,kickflip,train,48.0,0.23651960784313725,0.7875017523765564,False
sbml_kickflip61,kickflip,train,48.0,0.2757352941176471,0.7869067192077637,False
sbml_kickflip62,kickflip,train,48.0,0.3602941176470588,0.8178927898406982,False
sbml_kickflip63,kickflip,train,48.0,0.22794117647058823,0.7762351632118225,False
sbml_kickflip64,kickflip,test,48.0,0.42401960784313725,0.7845059633255005,False
sbml_kickflip65,kickflip,test,48.0,0.36887254901960786,0.8067970871925354,False
sbml_kickflip66,kickflip,train,48.0,0.22426470588235295,0.7774020433425903,False
sbml_kickflip67,kickflip,train,48.0,0.2769607843137255,0.813615620136261,False
sbml_kickflip68,kickflip,train,48.0,0.5612745098039216,0.8696126937866211,True
sbml_kickflip69,kickflip,train,48.0,0.2107843137254902,0.8357227444648743,False
sbml_kickflip7,kickflip,train,48.0,0.8419117647058824,0.9166492819786072,True
sbml_kickflip70,kickflip,train,48.0,0.4325980392156863,0.829273521900177,True
sbml_kickflip71,kickflip,train,48.0,0.08823529411764706,0.8980948328971863,False
sbml_kickflip72,kickflip,test,48.0,0.16299019607843138,0.7955770492553711,False
sbml_kickflip73,kickflip,test,48.0,0.7107843137254902,0.8637710213661194,True
sbml_kickflip74,kickflip,train,48.0,0.1213235294117647,0.8715416789054871,False
sbml_kickflip75,kickflip,train,48.0,0.41544117647058826,0.8457421660423279,True
sbml_kickflip76,kickflip,train,48.0,0.7990196078431373,0.8490078449249268,True
sbml_kickflip77,kickflip,train,48.0,0.6703431372549019,0.8867819309234619,True
sbml_kickflip78,kickflip,train,48.0,0.5992647058823529,0.8641248345375061,True
sbml_kickflip79,kickflip,train,48.0,0.4485294117647059,0.8823380470275879,True
sbml_kickflip8,kickflip,test,48.0,0.9362745098039216,0.9267648458480835,True
sbml_kickflip80,kickflip,test,48.0,0.6593137254901961,0.8659613132476807,True
sbml_kickflip81,kickflip,test,48.0,0.0,0.0,False
sbml_kickflip82,kickflip,train,48.0,0.18995098039215685,0.8610247373580933,False
sbml_kickflip83,kickflip,train,48.0,0.6323529411764706,0.8640576601028442,True
sbml_kickflip84,kickflip,train,48.0,0.06004901960784314,0.8159103393554688,False
sbml_kickflip85,kickflip,train,48.0,0.3958333333333333,0.858603298664093,True
sbml_kickflip86,kickflip,train,48.0,0.6678921568627451,0.901986837387085,True
sbml_kickflip87,kickflip,train,48.0,0.031862745098039214,0.7567188739776611,False
sbml_kickflip88,kickflip,test,48.0,0.5294117647058824,0.8564136028289795,True
sbml_kickflip89,kickflip,test,48.0,0.43014705882352944,0.9095947742462158,True
sbml_kickflip9,kickflip,test,48.0,0.8174019607843137,0.9005314707756042,True
sbml_kickflip90,kickflip,train,48.0,0.6838235294117647,0.8704811930656433,True
sbml_kickflip91,kickflip,train,48.0,0.2696078431372549,0.8371990323066711,False
sbml_kickflip92,kickflip,train,48.0,0.17892156862745098,0.7791551351547241,False
sbml_kickflip93,kickflip,train,48.0,0.4325980392156863,0.8301588892936707,True
sbml_kickflip94,kickflip,train,48.0,0.7352941176470589,0.8718991875648499,True
sbml_kickflip95,kickflip,train,48.0,0.22181372549019607,0.8538846969604492,False
sbml_kickflip96,kickflip,test,48.0,0.5061274509803921,0.8788368105888367,True
sbml_kickflip97,kickflip,test,48.0,0.06495098039215687,0.8321014046669006,False
sbml_kickflip98,kickflip,train,48.0,0.6237745098039216,0.886031985282898,True
sbml_kickflip99,kickflip,train,48.0,0.16176470588235295,0.8109843730926514,False
sbml_ollie0,ollie,test,48.0,0.8198529411764706,0.9147474765777588,True
sbml_ollie1,ollie,test,48.0,1.0,0.9415379166603088,True
sbml_ollie10,ollie,train,48.0,0.4693627450980392,0.865042507648468,False
sbml_ollie100,ollie,train,48.0,0.4105392156862745,0.7716403603553772,True
sbml_ollie101,ollie,train,48.0,0.37254901960784315,0.740502655506134,False
sbml_ollie102,ollie,train,48.0,0.31985294117647056,0.7846299409866333,False
sbml_ollie103,ollie,train,48.0,0.30269607843137253,0.6888520121574402,False
sbml_ollie104,ollie,test,48.0,0.13848039215686275,0.8237829208374023,False
sbml_ollie105,ollie,test,48.0,0.6053921568627451,0.8644994497299194,True
sbml_ollie106,ollie,train,48.0,0.7745098039215687,0.839009165763855,True
sbml_ollie107,ollie,train,48.0,0.8774509803921569,0.8787513375282288,True
sbml_ollie11,ollie,train,48.0,0.5906862745098039,0.8821336627006531,True
sbml_ollie12,ollie,train,48.0,0.20220588235294118,0.7708621621131897,False
sbml_ollie13,ollie,train,48.0,0.2267156862745098,0.7029975056648254,False
sbml_ollie14,ollie,train,48.0,0.5392156862745098,0.8719292879104614,True
sbml_ollie15,ollie,train,48.0,0.45465686274509803,0.8393228650093079,True
sbml_ollie16,ollie,test,48.0,0.5441176470588235,0.8636932373046875,True
sbml_ollie17,ollie,test,48.0,0.3112745098039216,0.8228220343589783,False
sbml_ollie18,ollie,train,48.0,0.6495098039215687,0.836262047290802,True
sbml_ollie19,ollie,train,48.0,0.42892156862745096,0.8220774531364441,True
sbml_ollie2,ollie,train,48.0,0.5306372549019608,0.7196893692016602,False
sbml_ollie20,ollie,train,48.0,0.9546568627450981,0.9504662752151489,True
sbml_ollie21,ollie,train,48.0,0.6556372549019608,0.8277793526649475,True
sbml_ollie22,ollie,train,48.0,0.49019607843137253,0.8907331824302673,False
sbml_ollie23,ollie,train,48.0,0.5355392156862745,0.7533722519874573,True
sbml_ollie24,ollie,test,48.0,0.9424019607843137,0.9302587509155273,True
sbml_ollie25,ollie,test,48.0,0.23774509803921567,0.8510072231292725,False
sbml_ollie26,ollie,train,48.0,0.4387254901960784,0.8737089037895203,False
sbml_ollie27,ollie,train,48.0,0.30637254901960786,0.7849439978599548,False
sbml_ollie28,ollie,train,48.0,0.2426470588235294,0.8775553107261658,False
sbml_ollie29,ollie,train,48.0,0.3284313725490196,0.7616379261016846,False
sbml_ollie3,ollie,train,48.0,0.9938725490196079,0.9268669486045837,True
sbml_ollie30,ollie,train,48.0,0.5661764705882353,0.8619203567504883,True
sbml_ollie31,ollie,train,48.0,0.7009803921568627,0.8184089064598083,True
sbml_ollie32,ollie,test,48.0,0.4791666666666667,0.8466458916664124,True
sbml_ollie33,ollie,test,48.0,0.5,0.8316218852996826,True
sbml_ollie34,ollie,train,48.0,0.22058823529411764,0.7769285440444946,False
sbml_ollie35,ollie,train,48.0,0.19975490196078433,0.7525106072425842,False
sbml_ollie36,ollie,train,48.0,0.3014705882352941,0.806477963924408,False
sbml_ollie37,ollie,train,48.0,0.19607843137254902,0.7275733947753906,False
sbml_ollie38,ollie,train,48.0,0.5183823529411765,0.8042722344398499,False
sbml_ollie39,ollie,train,48.0,0.5894607843137255,0.8152853846549988,True
sbml_ollie4,ollie,train,48.0,0.9325980392156863,0.9304383397102356,True
sbml_ollie40,ollie,test,48.0,0.45955882352941174,0.8245880603790283,True
sbml_ollie41,ollie,test,48.0,0.5723039215686274,0.8804848194122314,True
sbml_ollie42,ollie,train,48.0,0.28431372549019607,0.7754653692245483,False
sbml_ollie43,ollie,train,48.0,0.40318627450980393,0.8775266408920288,True
sbml_ollie44,ollie,train,48.0,0.6678921568627451,0.9035072922706604,True
sbml_ollie45,ollie,train,48.0,0.16053921568627452,0.7133586406707764,False
sbml_ollie46,ollie,train,48.0,0.5122549019607843,0.7538813352584839,True
sbml_ollie47,ollie,train,48.0,0.5894607843137255,0.9059343934059143,True
sbml_ollie48,ollie,test,48.0,0.6544117647058824,0.8077528476715088,True
sbml_ollie49,ollie,test,48.0,0.2769607843137255,0.7460693120956421,False
sbml_ollie5,ollie,train,48.0,0.8970588235294118,0.8954181671142578,True
sbml_ollie50,ollie,train,48.0,0.28308823529411764,0.7936867475509644,False
sbml_ollie51,ollie,train,48.0,0.4105392156862745,0.7960519194602966,False
sbml_ollie52,ollie,train,48.0,0.5735294117647058,0.8362590074539185,True
sbml_ollie53,ollie,train,48.0,0.38112745098039214,0.7995246052742004,False
sbml_ollie54,ollie,train,48.0,0.27450980392156865,0.667292058467865,False
sbml_ollie55,ollie,train,48.0,0.6740196078431373,0.8390393257141113,True
sbml_ollie56,ollie,test,48.0,0.2647058823529412,0.6938912868499756,False
sbml_ollie57,ollie,test,48.0,0.7218137254901961,0.8177040219306946,True
sbml_ollie58,ollie,train,48.0,0.4056372549019608,0.8222213983535767,False
sbml_ollie59,ollie,train,48.0,0.8541666666666666,0.8583391308784485,True
sbml_ollie6,ollie,train,48.0,0.8921568627450981,0.9345333576202393,True
sbml_ollie60,ollie,train,48.0,0.9252450980392157,0.9077877402305603,True
sbml_ollie61,ollie,train,48.0,0.6176470588235294,0.8247098326683044,False
sbml_ollie62,ollie,train,48.0,0.8259803921568627,0.8877158761024475,True
sbml_ollie63,ollie,train,48.0,0.8468137254901961,0.900129497051239,True
sbml_ollie64,ollie,test,48.0,0.7536764705882353,0.8702701330184937,True
sbml_ollie65,ollie,test,48.0,0.7242647058823529,0.9170671701431274,True
sbml_ollie66,ollie,train,48.0,0.9142156862745098,0.8852317929267883,True
sbml_ollie67,ollie,train,48.0,0.8002450980392157,0.924503743648529,True
sbml_ollie68,ollie,train,48.0,0.9191176470588235,0.9073743224143982,True
sbml_ollie69,ollie,train,48.0,0.9620098039215687,0.9096952080726624,True
sbml_ollie7,ollie,train,48.0,0.9718137254901961,0.9202593564987183,True
sbml_ollie70,ollie,train,48.0,0.9007352941176471,0.9168741106987,True
sbml_ollie71,ollie,train,48.0,0.9424019607843137,0.9087464809417725,True
sbml_ollie72,ollie,test,48.0,0.8995098039215687,0.9041225910186768,True
sbml_ollie73,ollie,test,48.0,0.946078431372549,0.9140527844429016,True
sbml_ollie74,ollie,train,48.0,0.9264705882352942,0.9171133041381836,True
sbml_ollie75,ollie,train,48.0,0.8161764705882353,0.8650870323181152,True
sbml_ollie76,ollie,train,48.0,0.8725490196078431,0.8647165894508362,True
sbml_ollie77,ollie,train,48.0,0.9044117647058824,0.9184674620628357,True
sbml_ollie78,ollie,train,48.0,0.8161764705882353,0.911308228969574,True
sbml_ollie79,ollie,train,48.0,0.7794117647058824,0.9262599349021912,True
sbml_ollie8,ollie,test,48.0,0.7732843137254902,0.8934829235076904,True
sbml_ollie80,ollie,test,48.0,0.8578431372549019,0.8472638726234436,True
sbml_ollie81,ollie,test,48.0,0.8823529411764706,0.8700399398803711,True
sbml_ollie82,ollie,train,48.0,0.9338235294117647,0.9007229804992676,True
sbml_ollie83,ollie,train,48.0,0.7953431372549019,0.8936326503753662,True
sbml_ollie84,ollie,train,48.0,0.9718137254901961,0.8954026699066162,True
sbml_ollie85,ollie,train,48.0,0.8149509803921569,0.9216299653053284,True
sbml_ollie86,ollie,train,48.0,0.821078431372549,0.9039015173912048,True
sbml_ollie87,ollie,train,48.0,0.803921568627451,0.8887360692024231,True
sbml_ollie88,ollie,test,48.0,0.991421568627451,0.9171475768089294,True
sbml_ollie89,ollie,test,48.0,0.7659313725490197,0.9041938185691833,True
sbml_ollie9,ollie,test,48.0,0.4485294117647059,0.8793918490409851,False
sbml_ollie90,ollie,train,48.0,0.8247549019607843,0.8527626991271973,True
sbml_ollie91,ollie,train,48.0,0.8075980392156863,0.8510825634002686,True
sbml_ollie92,ollie,train,48.0,0.803921568627451,0.8876621723175049,True
sbml_ollie93,ollie,train,48.0,0.7916666666666666,0.903069019317627,True
sbml_ollie94,ollie,train,48.0,0.8590686274509803,0.8683536052703857,True
sbml_ollie95,ollie,train,48.0,0.7487745098039216,0.9093103408813477,True
sbml_ollie96,ollie,test,48.0,0.6887254901960784,0.8872874975204468,True
sbml_ollie97,ollie,test,48.0,0.8259803921568627,0.8846229910850525,True
sbml_ollie98,ollie,train,48.0,0.7022058823529411,0.907279908657074,True
sbml_ollie99,ollie,train,48.0,0.28308823529411764,0.775175154209137,False
skateai_batb_11__championship_battle_luan_oliveira_vs_chris_joslin_00001,tre_flip,test,48.0,0.8639705882352942,0.8919814229011536,True
skateai_batb_11__championship_battle_luan_oliveira_vs_chris_joslin_00002,tre_flip,test,48.0,0.7977941176470589,0.8766570687294006,True
skateai_batb_11__championship_battle_luan_oliveira_vs_chris_joslin_00003,kickflip,test,48.0,0.8406862745098039,0.8962373733520508,True
skateai_batb_11__championship_battle_luan_oliveira_vs_chris_joslin_00004,kickflip,test,48.0,0.9436274509803921,0.91452556848526,True
skateai_batb_11__championship_battle_luan_oliveira_vs_chris_joslin_00005,kickflip,test,48.0,0.9424019607843137,0.9180108904838562,True
skateai_batb_11__championship_battle_luan_oliveira_vs_chris_joslin_00006,kickflip,test,48.0,0.7953431372549019,0.9081168174743652,True
skateai_batb_11__championship_battle_luan_oliveira_vs_chris_joslin_00007,kickflip,test,48.0,0.9375,0.904833972454071,True
skateai_batb_11__championship_battle_luan_oliveira_vs_chris_joslin_00008,kickflip,test,48.0,0.8186274509803921,0.8718138337135315,True
skateai_batb_11__championship_battle_luan_oliveira_vs_chris_joslin_00009,heelflip,test,48.0,0.7953431372549019,0.8818777799606323,True
skateai_batb_11__championship_battle_luan_oliveira_vs_chris_joslin_00010,heelflip,test,48.0,0.9203431372549019,0.8945640921592712,True
skateai_batb_11__championship_battle_luan_oliveira_vs_chris_joslin_00011,heelflip,test,48.0,0.9276960784313726,0.8941259384155273,True
skateai_batb_11__championship_battle_luan_oliveira_vs_chris_joslin_00012,heelflip,test,48.0,0.803921568627451,0.8919149041175842,True
skateai_batb_11__championship_battle_luan_oliveira_vs_chris_joslin_00013,heelflip,test,48.0,0.9252450980392157,0.8991369605064392,True
skateai_batb_11__championship_battle_luan_oliveira_vs_chris_joslin_00014,heelflip,test,48.0,0.8235294117647058,0.8688755035400391,True
skateai_batb_11__championship_battle_luan_oliveira_vs_chris_joslin_00015,heelflip,test,48.0,0.7916666666666666,0.8920494318008423,True
skateai_batb_11__championship_battle_luan_oliveira_vs_chris_joslin_00016,heelflip,test,48.0,0.9325980392156863,0.9116166830062866,True
skateai_batb_11__championship_battle_luan_oliveira_vs_chris_joslin_00017,bs_bigspin,test,48.0,0.8958333333333334,0.8894510269165039,True
skateai_batb_11__championship_battle_luan_oliveira_vs_chris_joslin_00018,bs_bigspin,test,48.0,0.8468137254901961,0.8888223767280579,True
skateai_batb_11__championship_battle_luan_oliveira_vs_chris_joslin_00019,varial_heelflip,test,48.0,0.7928921568627451,0.8968238234519958,True
skateai_batb_11__championship_battle_luan_oliveira_vs_chris_joslin_00020,varial_heelflip,test,48.0,0.8995098039215687,0.9113298654556274,True
skateai_batb_11__championship_battle_luan_oliveira_vs_chris_joslin_00021,tre_flip,test,48.0,0.8100490196078431,0.8787347078323364,True
skateai_batb_11__championship_battle_luan_oliveira_vs_chris_joslin_00022,tre_flip,test,48.0,0.9227941176470589,0.9164262413978577,True
skateai_batb_11__championship_battle_luan_oliveira_vs_chris_joslin_00023,bs_bigspin_kickflip,test,48.0,0.8566176470588235,0.9012128114700317,True
skateai_batb_11__championship_battle_luan_oliveira_vs_chris_joslin_00024,bs_bigspin_kickflip,test,48.0,0.9252450980392157,0.900184154510498,True
skateai_batb_11__championship_battle_luan_oliveira_vs_chris_joslin_00025,bs_180_heelflip,test,48.0,0.8909313725490197,0.8971813917160034,True
skateai_batb_11__championship_battle_luan_oliveira_vs_chris_joslin_00026,bs_180_heelflip,test,48.0,0.8762254901960784,0.8973989486694336,True
skateai_batb_11__championship_battle_luan_oliveira_vs_chris_joslin_00027,bs_180_heelflip,test,48.0,0.8602941176470589,0.8974700570106506,True
skateai_batb_11__championship_battle_luan_oliveira_vs_chris_joslin_00028,bs_180_heelflip,test,48.0,0.8946078431372549,0.8965968489646912,True
skateai_batb_11__championship_battle_luan_oliveira_vs_chris_joslin_00029,bs_180_kickflip,test,48.0,0.8553921568627451,0.8868018388748169,True
skateai_batb_11__championship_battle_luan_oliveira_vs_chris_joslin_00030,bs_180_kickflip,test,48.0,0.8713235294117647,0.8876259326934814,True
skateai_batb_11__championship_battle_luan_oliveira_vs_chris_joslin_00031,fs_180_heelflip,test,48.0,0.8149509803921569,0.897087574005127,True
skateai_batb_11__championship_battle_luan_oliveira_vs_chris_joslin_00032,fs_180_heelflip,test,48.0,0.8357843137254902,0.8840221166610718,True
skateai_batb_11__championship_battle_luan_oliveira_vs_chris_joslin_00033,fs_bigspin,test,48.0,0.8737745098039216,0.8877239227294922,True
skateai_batb_11__championship_battle_luan_oliveira_vs_chris_joslin_00034,fs_bigspin,test,48.0,0.8382352941176471,0.9019423723220825,True
skateai_batb_11__championship_battle_luan_oliveira_vs_chris_joslin_00035,fs_180_heelflip,test,48.0,0.8946078431372549,0.8792486190795898,True
skateai_batb_11__championship_battle_luan_oliveira_vs_chris_joslin_00036,fs_180_heelflip,test,48.0,0.8995098039215687,0.8743352890014648,True
skateai_batb_11__championship_battle_luan_oliveira_vs_chris_joslin_00037,tre_flip,test,48.0,0.9264705882352942,0.8932162523269653,True
skateai_batb_11__championship_battle_luan_oliveira_vs_chris_joslin_00038,tre_flip,test,48.0,0.8897058823529411,0.8823777437210083,True
skateai_batb_11__championship_battle_luan_oliveira_vs_chris_joslin_00039,bs_bigspin,test,48.0,0.8406862745098039,0.8798030018806458,True
skateai_batb_11__championship_battle_luan_oliveira_vs_chris_joslin_00040,hardflip,test,48.0,0.8419117647058824,0.8629561066627502,True
skateai_batb_11__championship_battle_luan_oliveira_vs_chris_joslin_00041,bs_bigspin,test,48.0,0.8811274509803921,0.8880966901779175,True
skateai_batb_11__championship_battle_luan_oliveira_vs_chris_joslin_00042,bs_bigspin,test,48.0,0.9325980392156863,0.8977291584014893,True
skateai_batb_11__championship_battle_luan_oliveira_vs_chris_joslin_00043,bs_bigspin_kickflip,test,48.0,0.8553921568627451,0.8906143307685852,True
skateai_batb_11__championship_battle_luan_oliveira_vs_chris_joslin_00044,bs_bigspin_kickflip,test,48.0,0.8578431372549019,0.8952885866165161,True
skateai_batb_11__championship_battle_luan_oliveira_vs_chris_joslin_00045,bs_180_kickflip,test,48.0,0.8786764705882353,0.8766151666641235,True
skateai_batb_11__championship_battle_luan_oliveira_vs_chris_joslin_00046,bs_180_kickflip,test,48.0,0.8970588235294118,0.8759735822677612,True
skateai_batb_11__championship_battle_luan_oliveira_vs_chris_joslin_00047,inward_heelflip,test,48.0,0.8725490196078431,0.902207612991333,True
skateai_batb_11__championship_battle_luan_oliveira_vs_chris_joslin_00048,inward_heelflip,test,48.0,0.7892156862745098,0.8960651755332947,True
skateai_batb_11__championship_battle_luan_oliveira_vs_chris_joslin_00049,inward_heelflip,test,48.0,0.8223039215686274,0.888604998588562,True
skateai_batb_11__championship_battle_luan_oliveira_vs_chris_joslin_00050,hardflip,test,48.0,0.9583333333333334,0.9076662063598633,True
skateai_batb_11__championship_battle_luan_oliveira_vs_chris_joslin_00051,hardflip,test,48.0,0.8137254901960784,0.8893162608146667,True
skateai_batb_11__championship_battle_luan_oliveira_vs_chris_joslin_00052,fs_360,test,48.0,0.8639705882352942,0.8877488374710083,True
skateai_batb_11__championship_battle_luan_oliveira_vs_chris_joslin_00053,fs_360,test,48.0,0.8517156862745098,0.8942402005195618,True
skateai_batb_11__championship_battle_luan_oliveira_vs_chris_joslin_00054,fs_180_kickflip,test,48.0,0.8345588235294118,0.883155882358551,True
skateai_batb_11__championship_battle_luan_oliveira_vs_chris_joslin_00055,fs_180_kickflip,test,48.0,0.8406862745098039,0.8733823895454407,True
skateai_batb_11__championship_battle_luan_oliveira_vs_chris_joslin_00056,fs_180_kickflip,test,48.0,0.9264705882352942,0.8872057199478149,True
skateai_batb_11__championship_battle_luan_oliveira_vs_chris_joslin_00057,fs_180_kickflip,test,48.0,0.8321078431372549,0.8895244002342224,True
skateai_batb_11__championship_battle_luan_oliveira_vs_chris_joslin_00058,bs_360_shuvit,test,48.0,0.8541666666666666,0.8995411992073059,True
skateai_batb_11__championship_battle_luan_oliveira_vs_chris_joslin_00059,bs_360_shuvit,test,48.0,0.8002450980392157,0.8901630640029907,True
skateai_batb_11__championship_battle_luan_oliveira_vs_chris_joslin_00060,double_kickflip,test,48.0,0.9595588235294118,0.9114916920661926,True
skateai_batb_11__championship_battle_luan_oliveira_vs_chris_joslin_00061,bs_biggerspin_kickflip,test,48.0,0.8713235294117647,0.8792504668235779,True
skateai_batb_11__championship_battle_luan_oliveira_vs_chris_joslin_00062,bs_biggerspin_kickflip,test,48.0,0.9007352941176471,0.9010679125785828,True
skateai_batb_11__championship_battle_luan_oliveira_vs_chris_joslin_00063,laser_flip,test,48.0,0.8186274509803921,0.8552238941192627,True
skateai_batb_11__championship_battle_luan_oliveira_vs_chris_joslin_00064,laser_flip,test,48.0,0.8504901960784313,0.881548285484314,True
skateai_batb_11__championship_battle_luan_oliveira_vs_chris_joslin_00065,fs_360,test,48.0,0.8933823529411765,0.9113901853561401,True
skateai_batb_11__championship_battle_luan_oliveira_vs_chris_joslin_00066,fs_360_heelflip,test,48.0,0.8639705882352942,0.8833293318748474,True
skateai_batb_11__championship_battle_luan_oliveira_vs_chris_joslin_00067,fs_360_heelflip,test,48.0,0.8517156862745098,0.8924787044525146,True
skateai_batb_11__championship_battle_luan_oliveira_vs_chris_joslin_00068,double_kickflip,test,48.0,0.9325980392156863,0.8917962908744812,True
skateai_batb_11__championship_battle_luan_oliveira_vs_chris_joslin_00069,double_kickflip,test,48.0,0.9301470588235294,0.8896732330322266,True
skateai_batb_11__championship_battle_luan_oliveira_vs_chris_joslin_00070,double_kickflip,test,48.0,0.8406862745098039,0.8683128356933594,True
skateai_batb_11__3rd_place_battle_tom_asta_vs_sewa_kroetkov_00001,bs_360_shuvit,test,48.0,0.8161764705882353,0.8995187878608704,True
skateai_batb_11__3rd_place_battle_tom_asta_vs_sewa_kroetkov_00002,bs_360_shuvit,test,48.0,0.7953431372549019,0.8547413945198059,True
skateai_batb_11__3rd_place_battle_tom_asta_vs_sewa_kroetkov_00003,fs_shuvit,test,48.0,0.8921568627450981,0.8946917057037354,True
skateai_batb_11__3rd_place_battle_tom_asta_vs_sewa_kroetkov_00004,fs_shuvit,test,48.0,0.9448529411764706,0.901099443435669,True
skateai_mike_mo_capaldi_vs_furby_batb1__round_1_00001,kickflip,train,48.0,0.8970588235294118,0.8949094414710999,True
skateai_mike_mo_capaldi_vs_furby_batb1__round_1_00002,kickflip,train,48.0,0.5870098039215687,0.8617353439331055,True
skateai_mike_mo_capaldi_vs_furby_batb1__round_1_00003,kickflip,train,48.0,0.8333333333333334,0.8681053519248962,True
skateai_mike_mo_capaldi_vs_furby_batb1__round_1_00004,kickflip,train,48.0,0.8443627450980392,0.8703368902206421,True
skateai_mike_mo_capaldi_vs_furby_batb1__round_1_00005,heelflip,train,48.0,0.9240196078431373,0.8907225131988525,True
skateai_mike_mo_capaldi_vs_furby_batb1__round_1_00006,heelflip,train,48.0,0.8823529411764706,0.8738547563552856,True
skateai_mike_mo_capaldi_vs_furby_batb1__round_1_00007,tre_flip,train,48.0,0.8651960784313726,0.8611064553260803,True
skateai_mike_mo_capaldi_vs_furby_batb1__round_1_00008,tre_flip,train,48.0,0.8174019607843137,0.8894693851470947,True
skateai_mike_mo_capaldi_vs_furby_batb1__round_1_00009,fs_180_kickflip,train,48.0,0.6102941176470589,0.8367857933044434,True
skateai_mike_mo_capaldi_vs_furby_batb1__round_1_00010,fs_180_kickflip,train,48.0,0.9264705882352942,0.9153963923454285,True
skateai_mike_mo_capaldi_vs_furby_batb1__round_1_00011,kickflip,train,48.0,0.8639705882352942,0.8683276772499084,True
skateai_mike_mo_capaldi_vs_furby_batb1__round_1_00012,kickflip,train,48.0,0.8370098039215687,0.8632304668426514,True
skateai_mike_mo_capaldi_vs_furby_batb1__round_1_00013,heelflip,train,48.0,0.9117647058823529,0.8779505491256714,True
skateai_mike_mo_capaldi_vs_furby_batb1__round_1_00014,kickflip,train,48.0,0.9595588235294118,0.9057363867759705,True
skateai_mike_mo_capaldi_vs_furby_batb1__round_1_00015,kickflip,train,48.0,0.6482843137254902,0.8309189677238464,True
skateai_mike_mo_capaldi_vs_furby_batb1__round_1_00016,bs_180_heelflip,train,48.0,0.9142156862745098,0.8886991739273071,True
skateai_mike_mo_capaldi_vs_furby_batb1__round_1_00017,bs_bigspin,train,48.0,0.8982843137254902,0.9045812487602234,True
skateai_mike_mo_capaldi_vs_furby_batb1__round_1_00018,bs_bigspin,train,48.0,0.7622549019607843,0.8350998163223267,True
skateai_mike_mo_capaldi_vs_furby_batb1__round_1_00019,bs_bigspin_kickflip,train,48.0,0.8075980392156863,0.863312304019928,True
skateai_mike_mo_capaldi_vs_furby_batb1__round_1_00020,bs_bigspin_kickflip,train,48.0,0.8088235294117647,0.8864648938179016,True
skateai_mike_mo_capaldi_vs_furby_batb1__round_1_00021,tre_flip,train,48.0,0.928921568627451,0.9100687503814697,True
skateai_mike_mo_capaldi_vs_furby_batb1__round_1_00022,tre_flip,train,48.0,0.9056372549019608,0.8879349827766418,True
skateai_mike_mo_capaldi_vs_furby_batb1__round_1_00023,tre_flip,train,48.0,0.9154411764705882,0.9028671383857727,True
skateai_mike_mo_capaldi_vs_furby_batb1__round_1_00024,tre_flip,train,48.0,0.8995098039215687,0.8683726787567139,True
skateai_mike_mo_capaldi_vs_furby_batb1__round_1_00025,fs_180_heelflip,train,48.0,0.8762254901960784,0.9099595546722412,True
skateai_mike_mo_capaldi_vs_furby_batb1__round_1_00026,fs_180_heelflip,train,48.0,0.8872549019607843,0.8769120573997498,True
skateai_mike_mo_capaldi_vs_furby_batb1__round_1_00027,fs_180_heelflip,train,48.0,0.8541666666666666,0.8807912468910217,True
skateai_mike_mo_capaldi_vs_furby_batb1__round_1_00028,bs_180_heelflip,train,48.0,0.9203431372549019,0.8778769969940186,True
skateai_mike_mo_capaldi_vs_furby_batb1__round_1_00029,bs_180_heelflip,train,48.0,0.8602941176470589,0.8613055944442749,True
skateai_mike_mo_capaldi_vs_furby_batb1__round_1_00030,fs_bigspin_heelflip,train,48.0,0.8308823529411765,0.8570272326469421,True
skateai_mike_mo_capaldi_vs_furby_batb1__round_1_00031,fs_180_kickflip,train,48.0,0.8394607843137255,0.8745961785316467,True
skateai_mike_mo_capaldi_vs_furby_batb1__round_1_00032,fs_180_kickflip,train,48.0,0.7794117647058824,0.8637396097183228,True
skateai_mike_mo_capaldi_vs_furby_batb1__round_1_00033,bs_180_heelflip,train,48.0,0.8541666666666666,0.9078220129013062,True
skateai_mike_mo_capaldi_vs_furby_batb1__round_1_00034,bs_180_heelflip,train,48.0,0.7916666666666666,0.8545567989349365,True
skateai_mike_mo_capaldi_vs_furby_batb1__round_1_00035,fs_bigspin,train,48.0,0.9044117647058824,0.8982146978378296,True
skateai_mike_mo_capaldi_vs_furby_batb1__round_1_00036,fs_bigspin,train,48.0,0.8995098039215687,0.9047001004219055,True
skateai_mike_mo_capaldi_vs_furby_batb1__round_1_00037,fs_180_kickflip,train,48.0,0.8700980392156863,0.8887091875076294,True
skateai_mike_mo_capaldi_vs_furby_batb1__round_1_00038,fs_180_kickflip,train,48.0,0.8774509803921569,0.878748893737793,True
skateai_mike_mo_capaldi_vs_furby_batb1__round_1_00039,bs_180_kickflip,train,48.0,0.9105392156862745,0.9051802754402161,True
skateai_mike_mo_capaldi_vs_furby_batb1__round_1_00040,bs_180_kickflip,train,48.0,0.5551470588235294,0.837637722492218,True
skateai_mike_mo_capaldi_vs_furby_batb1__round_1_00041,bs_180_kickflip,train,48.0,0.8443627450980392,0.8814333081245422,True
skateai_mike_mo_capaldi_vs_furby_batb1__round_1_00042,bs_180_kickflip,train,48.0,0.8382352941176471,0.8655350804328918,True
skateai_mike_mo_capaldi_vs_furby_batb1__round_1_00043,fs_180_kickflip,train,48.0,0.8860294117647058,0.8731017708778381,True
skateai_mike_mo_capaldi_vs_furby_batb1__round_1_00044,fs_180_kickflip,train,48.0,0.8982843137254902,0.8960142731666565,True
skateai_mike_mo_capaldi_vs_furby_batb1__round_1_00045,bs_180_kickflip,train,48.0,0.36151960784313725,0.8000803589820862,False
skateai_mike_mo_capaldi_vs_furby_batb1__round_1_00046,bs_180_kickflip,train,48.0,0.8235294117647058,0.8682257533073425,True
skateai_mike_mo_capaldi_vs_furby_batb1__round_1_00047,fs_180_heelflip,train,48.0,0.9080882352941176,0.8815320730209351,True
skateai_mike_mo_capaldi_vs_furby_batb1__round_1_00048,fs_180_heelflip,train,48.0,0.8492647058823529,0.8816830515861511,True
skateai_mike_mo_capaldi_vs_furby_batb1__round_1_00049,bs_180_heelflip,train,48.0,0.8688725490196079,0.8627089262008667,True
skateai_mike_mo_capaldi_vs_furby_batb1__round_1_00050,bs_180_heelflip,train,48.0,0.8811274509803921,0.8757680654525757,True
skateai_mike_mo_capaldi_vs_furby_batb1__round_1_00051,fs_180_heelflip,train,48.0,0.8357843137254902,0.8659195303916931,True
skateai_mike_mo_capaldi_vs_furby_batb1__round_1_00052,fs_bigspin_heelflip,train,48.0,0.8933823529411765,0.8824955224990845,True
skateai_mike_mo_capaldi_vs_furby_batb1__round_1_00053,fs_bigspin_heelflip,train,48.0,0.7965686274509803,0.861998975276947,True
skateai_mike_mo_capaldi_vs_furby_batb1__round_1_00054,fs_bigspin_heelflip,train,48.0,0.7867647058823529,0.8679385781288147,True
skateai_arto_saari_vs_chico_brenes_batb1__round_1_00001,tre_flip,train,48.0,0.8921568627450981,0.8918559551239014,True
skateai_arto_saari_vs_chico_brenes_batb1__round_1_00002,tre_flip,train,48.0,0.9754901960784313,0.9085755944252014,True
skateai_arto_saari_vs_chico_brenes_batb1__round_1_00003,fs_180_kickflip,train,48.0,0.7671568627450981,0.8655720949172974,True
skateai_arto_saari_vs_chico_brenes_batb1__round_1_00004,fs_180_kickflip,train,48.0,0.9497549019607843,0.9065230488777161,True
skateai_arto_saari_vs_chico_brenes_batb1__round_1_00005,heelflip,train,48.0,0.7291666666666666,0.8581253886222839,True
skateai_arto_saari_vs_chico_brenes_batb1__round_1_00006,heelflip,train,48.0,0.928921568627451,0.9037920236587524,True
skateai_arto_saari_vs_chico_brenes_batb1__round_1_00007,bs_180_kickflip,train,48.0,0.866421568627451,0.8658768534660339,True
skateai_arto_saari_vs_chico_brenes_batb1__round_1_00008,bs_180_kickflip,train,48.0,0.8872549019607843,0.8867482542991638,True
skateai_arto_saari_vs_chico_brenes_batb1__round_1_00009,tre_flip,train,48.0,0.7794117647058824,0.8857564926147461,True
skateai_arto_saari_vs_chico_brenes_batb1__round_1_00010,heelflip,train,48.0,0.9240196078431373,0.9067978858947754,True
skateai_arto_saari_vs_chico_brenes_batb1__round_1_00011,heelflip,train,48.0,0.8149509803921569,0.8646884560585022,True
skateai_arto_saari_vs_chico_brenes_batb1__round_1_00012,kickflip,train,48.0,0.8823529411764706,0.864552915096283,True
skateai_arto_saari_vs_chico_brenes_batb1__round_1_00013,kickflip,train,48.0,0.866421568627451,0.8566740155220032,True
skateai_arto_saari_vs_chico_brenes_batb1__round_1_00014,bs_180_heelflip,train,48.0,0.7916666666666666,0.8522886633872986,True
skateai_arto_saari_vs_chico_brenes_batb1__round_1_00015,bs_180_heelflip,train,48.0,0.8848039215686274,0.8874579071998596,True
skateai_arto_saari_vs_chico_brenes_batb1__round_1_00016,heelflip,train,48.0,0.8799019607843137,0.8906009197235107,True
skateai_arto_saari_vs_chico_brenes_batb1__round_1_00017,heelflip,train,48.0,0.9056372549019608,0.9035552144050598,True
skateai_arto_saari_vs_chico_brenes_batb1__round_1_00018,heelflip,train,48.0,0.7720588235294118,0.8585299849510193,True
skateai_arto_saari_vs_chico_brenes_batb1__round_1_00019,bs_180_kickflip,train,48.0,0.5943627450980392,0.8101001381874084,True
skateai_arto_saari_vs_chico_brenes_batb1__round_1_00020,bs_180_kickflip,train,48.0,0.7941176470588235,0.875637412071228,True
skateai_arto_saari_vs_chico_brenes_batb1__round_1_00021,tre_flip,train,48.0,0.8125,0.8497412204742432,True
skateai_arto_saari_vs_chico_brenes_batb1__round_1_00022,fs_bigspin,train,48.0,0.8357843137254902,0.8912482261657715,True
skateai_arto_saari_vs_chico_brenes_batb1__round_1_00023,fs_bigspin,train,48.0,0.4803921568627451,0.8361206650733948,False
skateai_arto_saari_vs_chico_brenes_batb1__round_1_00024,fs_bigspin_heelflip,train,48.0,0.8995098039215687,0.8796374201774597,True
skateai_arto_saari_vs_chico_brenes_batb1__round_1_00025,tre_flip,train,48.0,0.8627450980392157,0.8714079260826111,True
skateai_arto_saari_vs_chico_brenes_batb1__round_1_00026,tre_flip,train,48.0,0.9411764705882353,0.8945980668067932,True
skateai_arto_saari_vs_chico_brenes_batb1__round_1_00027,fs_180_kickflip,train,48.0,0.758578431372549,0.8452280759811401,True
skateai_arto_saari_vs_chico_brenes_batb1__round_1_00028,varial_heelflip,train,48.0,0.8002450980392157,0.8827417492866516,True
skateai_arto_saari_vs_chico_brenes_batb1__round_1_00029,varial_heelflip,train,48.0,0.9252450980392157,0.891922652721405,True
skateai_arto_saari_vs_chico_brenes_batb1__round_1_00030,varial_heelflip,train,48.0,0.9399509803921569,0.8874924182891846,True
skateai_arto_saari_vs_chico_brenes_batb1__round_1_00031,varial_heelflip,train,48.0,0.9681372549019608,0.8918466567993164,True
skateai_arto_saari_vs_chico_brenes_batb1__round_1_00032,kickflip,train,48.0,0.8137254901960784,0.8730646967887878,True
skateai_arto_saari_vs_chico_brenes_batb1__round_1_00033,kickflip,train,48.0,0.8357843137254902,0.8852583765983582,True
skateai_arto_saari_vs_chico_brenes_batb1__round_1_00034,fs_bigspin_heelflip,train,48.0,0.8308823529411765,0.8671707510948181,True
skateai_arto_saari_vs_chico_brenes_batb1__round_1_00035,fs_bigspin_heelflip,train,48.0,0.8921568627450981,0.8839421272277832,True
skateai_arto_saari_vs_chico_brenes_batb1__round_1_00036,fs_bigspin_heelflip,train,48.0,0.7303921568627451,0.8829449415206909,True
skateai_arto_saari_vs_chico_brenes_batb1__round_1_00037,bs_bigspin_kickflip,train,48.0,0.8014705882352942,0.8896633982658386,True
skateai_arto_saari_vs_chico_brenes_batb1__round_1_00038,bs_bigspin_kickflip,train,48.0,0.4264705882352941,0.8245863914489746,False
skateai_arto_saari_vs_chico_brenes_batb1__round_1_00039,varial_kickflip,train,48.0,0.8149509803921569,0.8679313659667969,True
skateai_arto_saari_vs_chico_brenes_batb1__round_1_00040,varial_kickflip,train,48.0,0.8321078431372549,0.8824542164802551,True
skateai_arto_saari_vs_chico_brenes_batb1__round_1_00041,laser_flip,train,48.0,0.9068627450980392,0.8763189315795898,True
skateai_arto_saari_vs_chico_brenes_batb1__round_1_00042,laser_flip,train,48.0,0.7855392156862745,0.8545793890953064,True
skateai_arto_saari_vs_chico_brenes_batb1__round_1_00043,laser_flip,train,48.0,0.9276960784313726,0.8944563269615173,True
skateai_arto_saari_vs_chico_brenes_batb1__round_1_00044,fs_bigspin_heelflip,train,48.0,0.8590686274509803,0.881206750869751,True
skateai_billy_marks_vs_danny_supa_batb1__round_1_00001,tre_flip,train,48.0,0.8823529411764706,0.8756622076034546,True
skateai_billy_marks_vs_danny_supa_batb1__round_1_00002,tre_flip,train,48.0,0.8872549019607843,0.8809748888015747,True
skateai_billy_marks_vs_danny_supa_batb1__round_1_00003,tre_flip,train,48.0,0.8872549019607843,0.8777905702590942,True
skateai_billy_marks_vs_danny_supa_batb1__round_1_00004,heelflip,train,48.0,0.8860294117647058,0.8835811614990234,True
skateai_billy_marks_vs_danny_supa_batb1__round_1_00005,heelflip,train,48.0,0.8566176470588235,0.8599769473075867,True
skateai_billy_marks_vs_danny_supa_batb1__round_1_00006,bs_180_heelflip,train,48.0,0.8394607843137255,0.8818081617355347,True
skateai_billy_marks_vs_danny_supa_batb1__round_1_00007,bs_180_heelflip,train,48.0,0.9019607843137255,0.8829617500305176,True
skateai_billy_marks_vs_danny_supa_batb1__round_1_00008,inward_heelflip,train,48.0,0.7879901960784313,0.8906806111335754,True
skateai_billy_marks_vs_danny_supa_batb1__round_1_00009,inward_heelflip,train,48.0,0.9129901960784313,0.8975858688354492,True
skateai_billy_marks_vs_danny_supa_batb1__round_1_00010,bs_bigspin_inward_heelflip,train,48.0,0.8186274509803921,0.8920631408691406,True
skateai_billy_marks_vs_danny_supa_batb1__round_1_00011,tre_flip,train,48.0,0.8272058823529411,0.8767637014389038,True
skateai_billy_marks_vs_danny_supa_batb1__round_1_00012,tre_flip,train,48.0,0.8897058823529411,0.8991896510124207,True
skateai_billy_marks_vs_danny_supa_batb1__round_1_00013,bs_180_heelflip,train,48.0,0.8455882352941176,0.8883123993873596,True
skateai_billy_marks_vs_danny_supa_batb1__round_1_00014,bs_180_heelflip,train,48.0,0.9019607843137255,0.8718736171722412,True
skateai_billy_marks_vs_danny_supa_batb1__round_1_00015,hardflip,train,48.0,0.8725490196078431,0.8708844184875488,True
skateai_billy_marks_vs_danny_supa_batb1__round_1_00016,fs_bigspin,train,48.0,0.8321078431372549,0.8934243321418762,True
skateai_billy_marks_vs_danny_supa_batb1__round_1_00017,fs_bigspin,train,48.0,0.883578431372549,0.8881075978279114,True
skateai_billy_marks_vs_danny_supa_batb1__round_1_00018,fs_bigspin_heelflip,train,48.0,0.8786764705882353,0.8908369541168213,True
skateai_billy_marks_vs_danny_supa_batb1__round_1_00019,fs_bigspin_heelflip,train,48.0,0.8541666666666666,0.886131227016449,True
skateai_billy_marks_vs_danny_supa_batb1__round_1_00020,varial_heelflip,train,48.0,0.8443627450980392,0.8893212676048279,True
skateai_billy_marks_vs_danny_supa_batb1__round_1_00021,varial_heelflip,train,48.0,0.7892156862745098,0.8882781863212585,True
skateai_billy_marks_vs_danny_supa_batb1__round_1_00022,tre_flip,train,48.0,0.821078431372549,0.8797698616981506,True
skateai_billy_marks_vs_danny_supa_batb1__round_1_00023,tre_flip,train,48.0,0.8345588235294118,0.8789973855018616,True
skateai_billy_marks_vs_danny_supa_batb1__round_1_00024,fs_180_heelflip,train,48.0,0.8321078431372549,0.8749694228172302,True
skateai_billy_marks_vs_danny_supa_batb1__round_1_00025,fs_180_heelflip,train,48.0,0.8823529411764706,0.8992124795913696,True
skateai_billy_marks_vs_danny_supa_batb1__round_1_00026,hardflip,train,48.0,0.8774509803921569,0.8811391592025757,True
skateai_billy_marks_vs_danny_supa_batb1__round_1_00027,laser_flip,train,48.0,0.7769607843137255,0.8795720338821411,True
skateai_billy_marks_vs_danny_supa_batb1__round_1_00028,laser_flip,train,48.0,0.8823529411764706,0.8824619054794312,True
skateai_billy_marks_vs_danny_supa_batb1__round_1_00029,laser_flip,train,48.0,0.8382352941176471,0.90155029296875,True
skateai_billy_marks_vs_danny_supa_batb1__round_1_00030,tre_flip,train,48.0,0.8970588235294118,0.8892075419425964,True
skateai_billy_marks_vs_danny_supa_batb1__round_1_00031,bs_360_kickflip,train,48.0,0.7634803921568627,0.8529576063156128,True
skateai_brandon_biebel_vs_nick_mclouth_batb1__round_1_00001,varial_heelflip,train,48.0,0.6985294117647058,0.8898762464523315,True
skateai_brandon_biebel_vs_nick_mclouth_batb1__round_1_00002,heelflip,train,48.0,0.8688725490196079,0.86618572473526,True
skateai_brandon_biebel_vs_nick_mclouth_batb1__round_1_00003,bs_180_heelflip,train,48.0,0.821078431372549,0.8569508790969849,True
skateai_brandon_biebel_vs_nick_mclouth_batb1__round_1_00004,bs_180_heelflip,train,48.0,0.866421568627451,0.870313823223114,True
skateai_brandon_biebel_vs_nick_mclouth_batb1__round_1_00005,heelflip,train,48.0,0.9178921568627451,0.907821774482727,True
skateai_brandon_biebel_vs_nick_mclouth_batb1__round_1_00006,heelflip,train,48.0,0.8897058823529411,0.8855953216552734,True
skateai_brandon_biebel_vs_nick_mclouth_batb1__round_1_00007,fs_180_heelflip,train,48.0,0.7892156862745098,0.89912348985672,True
skateai_brandon_biebel_vs_nick_mclouth_batb1__round_1_00008,fs_180_heelflip,train,48.0,0.8406862745098039,0.8939564824104309,True
skateai_brandon_biebel_vs_nick_mclouth_batb1__round_1_00009,kickflip,train,48.0,0.8370098039215687,0.8602072596549988,True
skateai_brandon_biebel_vs_nick_mclouth_batb1__round_1_00010,bs_180_kickflip,train,48.0,0.8406862745098039,0.8806921243667603,True
skateai_brandon_biebel_vs_nick_mclouth_batb1__round_1_00011,bs_180_kickflip,train,48.0,0.7659313725490197,0.8764047622680664,True
skateai_brandon_biebel_vs_nick_mclouth_batb1__round_1_00012,bs_180_kickflip,train,48.0,0.8786764705882353,0.8974050283432007,True
skateai_brandon_biebel_vs_nick_mclouth_batb1__round_1_00013,bs_180_kickflip,train,48.0,0.7916666666666666,0.8788506984710693,True
skateai_brandon_biebel_vs_nick_mclouth_batb1__round_1_00014,hardflip,train,48.0,0.8161764705882353,0.8718621134757996,True
skateai_brandon_biebel_vs_nick_mclouth_batb1__round_1_00015,hardflip,train,48.0,0.8553921568627451,0.866438627243042,True
skateai_brandon_biebel_vs_nick_mclouth_batb1__round_1_00016,tre_flip,train,48.0,0.8713235294117647,0.8583143353462219,True
skateai_brandon_biebel_vs_nick_mclouth_batb1__round_1_00017,tre_flip,train,48.0,0.8272058823529411,0.858670711517334,True
skateai_brandon_biebel_vs_nick_mclouth_batb1__round_1_00018,tre_flip,train,48.0,0.8897058823529411,0.9052080512046814,True
skateai_brandon_biebel_vs_nick_mclouth_batb1__round_1_00019,tre_flip,train,48.0,0.8909313725490197,0.9011125564575195,True
skateai_brandon_biebel_vs_nick_mclouth_batb1__round_1_00020,bs_360,train,48.0,0.8799019607843137,0.8803288340568542,True
skateai_brandon_biebel_vs_nick_mclouth_batb1__round_1_00021,bs_360,train,48.0,0.8602941176470589,0.8970300555229187,True
skateai_brandon_biebel_vs_nick_mclouth_batb1__round_1_00022,kickflip,train,48.0,0.8688725490196079,0.871258020401001,True
skateai_brandon_biebel_vs_nick_mclouth_batb1__round_1_00023,tre_flip,train,48.0,0.9203431372549019,0.8962856531143188,True
skateai_brandon_biebel_vs_nick_mclouth_batb1__round_1_00024,tre_flip,train,48.0,0.8541666666666666,0.8735929727554321,True
skateai_brandon_biebel_vs_nick_mclouth_batb1__round_1_00025,fs_180_heelflip,train,48.0,0.9203431372549019,0.893191397190094,True
skateai_brandon_biebel_vs_nick_mclouth_batb1__round_1_00026,bs_180_heelflip,train,48.0,0.8272058823529411,0.8699055910110474,True
skateai_brandon_biebel_vs_nick_mclouth_batb1__round_1_00027,bs_360_kickflip,train,48.0,0.8884803921568627,0.8733437061309814,True
skateai_brandon_biebel_vs_nick_mclouth_batb1__round_1_00028,fs_bigspin_heelflip,train,48.0,0.8492647058823529,0.8882157206535339,True
skateai_brandon_biebel_vs_nick_mclouth_batb1__round_1_00029,fs_180_kickflip,train,48.0,0.7916666666666666,0.909275472164154,True
skateai_brandon_biebel_vs_nick_mclouth_batb1__round_1_00030,fs_180_kickflip,train,48.0,0.6924019607843137,0.830371081829071,True
skateai_brandon_biebel_vs_nick_mclouth_batb1__round_1_00031,hardflip,train,48.0,0.9007352941176471,0.8978791236877441,True
skateai_brandon_biebel_vs_nick_mclouth_batb1__round_1_00032,fs_bigspin_heelflip,train,48.0,0.8406862745098039,0.8920501470565796,True
skateai_brandon_biebel_vs_nick_mclouth_batb1__round_1_00033,fs_bigspin_heelflip,train,48.0,0.7941176470588235,0.8889412879943848,True
skateai_brandon_biebel_vs_nick_mclouth_batb1__round_1_00034,fs_bigspin_heelflip,train,48.0,0.8786764705882353,0.9012601971626282,True
skateai_brandon_biebel_vs_nick_mclouth_batb1__round_1_00035,varial_heelflip,train,48.0,0.8590686274509803,0.875473141670227,True
skateai_brandon_biebel_vs_nick_mclouth_batb1__round_1_00036,heelflip,train,48.0,0.6519607843137255,0.8630347847938538,True
skateai_brandon_biebel_vs_nick_mclouth_batb1__round_1_00037,bs_180_heelflip,train,48.0,0.8676470588235294,0.8788739442825317,True
skateai_steve_berra_vs_chris_roberts_batb1__round_1_00001,tre_flip,train,48.0,0.8909313725490197,0.9008740186691284,True
skateai_steve_berra_vs_chris_roberts_batb1__round_1_00002,tre_flip,train,48.0,0.8247549019607843,0.9137762784957886,True
skateai_steve_berra_vs_chris_roberts_batb1__round_1_00003,tre_flip,train,48.0,0.9031862745098039,0.8838980197906494,True
skateai_steve_berra_vs_chris_roberts_batb1__round_1_00004,bs_180_kickflip,train,48.0,0.8296568627450981,0.8935826420783997,True
skateai_steve_berra_vs_chris_roberts_batb1__round_1_00005,bs_180_kickflip,train,48.0,0.8112745098039216,0.891325056552887,True
skateai_steve_berra_vs_chris_roberts_batb1__round_1_00006,fs_180_kickflip,train,48.0,0.9595588235294118,0.9288841485977173,True
skateai_steve_berra_vs_chris_roberts_batb1__round_1_00007,fs_180_kickflip,train,48.0,0.8272058823529411,0.8676249384880066,True
skateai_steve_berra_vs_chris_roberts_batb1__round_1_00008,bs_180_kickflip,train,48.0,0.9178921568627451,0.8927494287490845,True
skateai_steve_berra_vs_chris_roberts_batb1__round_1_00009,fs_bigspin,train,48.0,0.8419117647058824,0.8842588663101196,True
skateai_steve_berra_vs_chris_roberts_batb1__round_1_00010,fs_bigspin,train,48.0,0.8431372549019608,0.8799000978469849,True
skateai_steve_berra_vs_chris_roberts_batb1__round_1_00011,heelflip,train,48.0,0.8897058823529411,0.8976022601127625,True
skateai_steve_berra_vs_chris_roberts_batb1__round_1_00012,varial_heelflip,train,48.0,0.8737745098039216,0.8759195804595947,True
skateai_steve_berra_vs_chris_roberts_batb1__round_1_00013,varial_heelflip,train,48.0,0.9007352941176471,0.9009747505187988,True
skateai_steve_berra_vs_chris_roberts_batb1__round_1_00014,bs_180_kickflip,train,48.0,0.8247549019607843,0.9128994941711426,True
skateai_steve_berra_vs_chris_roberts_batb1__round_1_00015,bs_180_kickflip,train,48.0,0.9080882352941176,0.8760375380516052,True
skateai_steve_berra_vs_chris_roberts_batb1__round_1_00016,double_kickflip,train,48.0,0.8235294117647058,0.9074450731277466,True
skateai_steve_berra_vs_chris_roberts_batb1__round_1_00017,double_kickflip,train,48.0,0.883578431372549,0.8810430765151978,True
skateai_steve_berra_vs_chris_roberts_batb1__round_1_00018,tre_flip,train,48.0,0.8541666666666666,0.9008122086524963,True
skateai_steve_berra_vs_chris_roberts_batb1__round_1_00019,fs_bigspin_heelflip,train,48.0,0.8517156862745098,0.8791465163230896,True
skateai_steve_berra_vs_chris_roberts_batb1__round_1_00020,bs_180_heelflip,train,48.0,0.8725490196078431,0.8730350732803345,True
skateai_steve_berra_vs_chris_roberts_batb1__round_1_00021,bs_180_heelflip,train,48.0,0.8112745098039216,0.8980901837348938,True
skateai_steve_berra_vs_chris_roberts_batb1__round_1_00022,bs_biggerspin_kickflip,train,48.0,0.8713235294117647,0.8735997080802917,True
skateai_steve_berra_vs_chris_roberts_batb1__round_1_00023,tre_flip,train,48.0,0.9362745098039216,0.9272986650466919,True
skateai_steve_berra_vs_chris_roberts_batb1__round_1_00024,tre_flip,train,48.0,0.9522058823529411,0.921738862991333,True
skateai_steve_berra_vs_chris_roberts_batb1__round_1_00025,fs_180_heelflip,train,48.0,0.9129901960784313,0.8988291025161743,True
skateai_steve_berra_vs_chris_roberts_batb1__round_1_00026,fs_180_heelflip,train,48.0,0.821078431372549,0.8729011416435242,True
skateai_steve_berra_vs_chris_roberts_batb1__round_1_00027,bs_180_heelflip,train,48.0,0.9093137254901961,0.8945533037185669,True
skateai_steve_berra_vs_chris_roberts_batb1__round_1_00028,bs_180_heelflip,train,48.0,0.8296568627450981,0.8874629735946655,True
skateai_steve_berra_vs_chris_roberts_batb1__round_1_00029,fs_bigspin_heelflip,train,48.0,0.8174019607843137,0.866209864616394,True
skateai_steve_berra_vs_chris_roberts_batb1__round_1_00030,bs_biggerspin_kickflip,train,48.0,0.8799019607843137,0.8768573999404907,True
skateai_steve_berra_vs_chris_roberts_batb1__round_1_00031,bs_biggerspin_kickflip,train,48.0,0.8406862745098039,0.9138832092285156,True
skateai_steve_berra_vs_chris_roberts_batb1__round_1_00032,tre_flip,train,48.0,0.883578431372549,0.8950539827346802,True
skateai_steve_berra_vs_chris_roberts_batb1__round_1_00033,tre_flip,train,48.0,0.7549019607843137,0.9028027057647705,True
skateai_steve_berra_vs_chris_roberts_batb1__round_1_00034,double_kickflip,train,48.0,0.8639705882352942,0.8825134038925171,True
skateai_steve_berra_vs_chris_roberts_batb1__round_1_00035,double_kickflip,train,48.0,0.8909313725490197,0.9051916599273682,True
skateai_steve_berra_vs_chris_roberts_batb1__round_1_00036,double_kickflip,train,48.0,0.946078431372549,0.9151543974876404,True
skateai_clint_peterson_vs_paul_shier_batb1__round_1_00001,kickflip,train,48.0,0.9031862745098039,0.906210720539093,True
skateai_clint_peterson_vs_paul_shier_batb1__round_1_00002,tre_flip,train,48.0,0.8725490196078431,0.9047806262969971,True
skateai_clint_peterson_vs_paul_shier_batb1__round_1_00003,tre_flip,train,48.0,0.5036764705882353,0.8454946279525757,True
skateai_clint_peterson_vs_paul_shier_batb1__round_1_00004,tre_flip,train,48.0,0.875,0.8701717257499695,True
skateai_clint_peterson_vs_paul_shier_batb1__round_1_00005,tre_flip,train,48.0,0.7291666666666666,0.8624476790428162,True
skateai_clint_peterson_vs_paul_shier_batb1__round_1_00006,tre_flip,train,48.0,0.8811274509803921,0.9075589179992676,True
skateai_clint_peterson_vs_paul_shier_batb1__round_1_00007,bs_180_kickflip,train,48.0,0.8247549019607843,0.8688116073608398,True
skateai_clint_peterson_vs_paul_shier_batb1__round_1_00008,bs_180_kickflip,train,48.0,0.8014705882352942,0.8882151246070862,True
skateai_clint_peterson_vs_paul_shier_batb1__round_1_00009,fs_bigspin,train,48.0,0.8737745098039216,0.8776614665985107,True
skateai_clint_peterson_vs_paul_shier_batb1__round_1_00010,fs_bigspin,train,48.0,0.8860294117647058,0.8809045553207397,True
skateai_clint_peterson_vs_paul_shier_batb1__round_1_00011,heelflip,train,48.0,0.9338235294117647,0.9228072762489319,True
skateai_clint_peterson_vs_paul_shier_batb1__round_1_00012,heelflip,train,48.0,0.8860294117647058,0.8578194975852966,True
skateai_clint_peterson_vs_paul_shier_batb1__round_1_00013,fs_bigspin,train,48.0,0.8651960784313726,0.8791813254356384,True
skateai_clint_peterson_vs_paul_shier_batb1__round_1_00014,fs_bigspin,train,48.0,0.8700980392156863,0.8684133887290955,True
skateai_clint_peterson_vs_paul_shier_batb1__round_1_00015,fs_bigspin,train,48.0,0.9031862745098039,0.8833450675010681,True
skateai_clint_peterson_vs_paul_shier_batb1__round_1_00016,bs_bigspin_kickflip,train,48.0,0.8786764705882353,0.8568310737609863,True
skateai_clint_peterson_vs_paul_shier_batb1__round_1_00017,bs_bigspin_kickflip,train,48.0,0.883578431372549,0.8991435170173645,True
skateai_clint_peterson_vs_paul_shier_batb1__round_1_00018,bs_180_double_kickflip,train,48.0,0.8848039215686274,0.8835391998291016,True
skateai_clint_peterson_vs_paul_shier_batb1__round_1_00019,double_kickflip,train,48.0,0.8345588235294118,0.8875735402107239,True
skateai_clint_peterson_vs_paul_shier_batb1__round_1_00020,double_kickflip,train,48.0,0.9056372549019608,0.8707102537155151,True
skateai_clint_peterson_vs_paul_shier_batb1__round_1_00021,fs_180_kickflip,train,48.0,0.9142156862745098,0.8979783654212952,True
skateai_clint_peterson_vs_paul_shier_batb1__round_1_00022,fs_180_kickflip,train,48.0,0.9436274509803921,0.9066779017448425,True
skateai_clint_peterson_vs_paul_shier_batb1__round_1_00023,varial_heelflip,train,48.0,0.8848039215686274,0.8661822080612183,True
skateai_clint_peterson_vs_paul_shier_batb1__round_1_00024,varial_heelflip,train,48.0,0.8627450980392157,0.8965731263160706,True
skateai_clint_peterson_vs_paul_shier_batb1__round_1_00025,varial_heelflip,train,48.0,0.8063725490196079,0.8752676844596863,True
skateai_clint_peterson_vs_paul_shier_batb1__round_1_00026,bs_180_double_kickflip,train,48.0,0.875,0.877311646938324,True
skateai_clint_peterson_vs_paul_shier_batb1__round_1_00027,bs_180_double_kickflip,train,48.0,0.8333333333333334,0.8926079273223877,True
skateai_clint_peterson_vs_paul_shier_batb1__round_1_00028,fs_bigspin,train,48.0,0.8848039215686274,0.9035720825195312,True
skateai_clint_peterson_vs_paul_shier_batb1__round_1_00029,fs_bigspin,train,48.0,0.7977941176470589,0.9182481169700623,True
skateai_clint_peterson_vs_paul_shier_batb1__round_1_00030,double_kickflip,train,48.0,0.9056372549019608,0.899865984916687,True
skateai_clint_peterson_vs_paul_shier_batb1__round_1_00031,varial_kickflip,train,48.0,0.5906862745098039,0.8583346009254456,True
skateai_clint_peterson_vs_paul_shier_batb1__round_1_00032,varial_kickflip,train,48.0,0.8676470588235294,0.8787770867347717,True
skateai_clint_peterson_vs_paul_shier_batb1__round_1_00033,fs_180_kickflip,train,48.0,0.9362745098039216,0.9164140820503235,True
skateai_clint_peterson_vs_paul_shier_batb1__round_1_00034,fs_180_kickflip,train,48.0,0.8676470588235294,0.8940184712409973,True
skateai_clint_peterson_vs_paul_shier_batb1__round_1_00035,double_kickflip,train,48.0,0.8394607843137255,0.8856159448623657,True
skateai_clint_peterson_vs_paul_shier_batb1__round_1_00036,fs_bigspin,train,48.0,0.8002450980392157,0.8826379179954529,True
skateai_clint_peterson_vs_paul_shier_batb1__round_1_00037,fs_bigspin,train,48.0,0.8357843137254902,0.8896965980529785,True
skateai_clint_peterson_vs_paul_shier_batb1__round_1_00038,kickflip,train,48.0,0.8958333333333334,0.8692233562469482,True
skateai_clint_peterson_vs_paul_shier_batb1__round_1_00039,varial_kickflip,train,48.0,0.7205882352941176,0.858585774898529,True
skateai_clint_peterson_vs_paul_shier_batb1__round_1_00040,pop_shuvit,train,48.0,0.8823529411764706,0.8844625949859619,True
skateai_clint_peterson_vs_paul_shier_batb1__round_1_00041,pop_shuvit,train,48.0,0.8786764705882353,0.9074661135673523,True
skateai_clint_peterson_vs_paul_shier_batb1__round_1_00042,tre_double_flip,train,48.0,0.8897058823529411,0.8725203275680542,True
skateai_clint_peterson_vs_paul_shier_batb1__round_1_00043,varial_kickflip,train,48.0,0.8284313725490197,0.8804700374603271,True
skateai_clint_peterson_vs_paul_shier_batb1__round_1_00044,varial_kickflip,train,48.0,0.9276960784313726,0.8876282572746277,True
skateai_clint_peterson_vs_paul_shier_batb1__round_1_00045,bs_180_heelflip,train,48.0,0.7377450980392157,0.8773329257965088,True
skateai_clint_peterson_vs_paul_shier_batb1__round_1_00046,hardflip,train,48.0,0.8480392156862745,0.8874037265777588,True
skateai_clint_peterson_vs_paul_shier_batb1__round_1_00047,hardflip,train,48.0,0.8504901960784313,0.8507901430130005,True
skateai_clint_peterson_vs_paul_shier_batb1__round_1_00048,bs_bigspin_kickflip,train,48.0,0.8676470588235294,0.9113773107528687,True
skateai_clint_peterson_vs_paul_shier_batb1__round_1_00049,bs_bigspin_kickflip,train,48.0,0.8676470588235294,0.8697829842567444,True
skateai_clint_peterson_vs_paul_shier_batb1__round_1_00050,tre_double_flip,train,48.0,0.8075980392156863,0.8376272320747375,True
skateai_clint_peterson_vs_paul_shier_batb1__round_1_00051,tre_double_flip,train,48.0,0.44485294117647056,0.8173621296882629,False
skateai_clint_peterson_vs_paul_shier_batb1__round_1_00052,tre_double_flip,train,48.0,0.8762254901960784,0.8848175406455994,True
skateai_clint_peterson_vs_paul_shier_batb1__round_1_00053,bs_180_heelflip,train,48.0,0.8382352941176471,0.8790154457092285,True
skateai_clint_peterson_vs_paul_shier_batb1__round_1_00054,bs_180_heelflip,train,48.0,0.9154411764705882,0.8956794738769531,True
skateai_clint_peterson_vs_paul_shier_batb1__round_1_00055,bs_180_heelflip,train,48.0,0.803921568627451,0.8954801559448242,True
skateai_clint_peterson_vs_paul_shier_batb1__round_1_00056,kickflip,train,48.0,0.8272058823529411,0.8455016613006592,True
skateai_clint_peterson_vs_paul_shier_batb1__round_1_00057,bs_180_kickflip,train,48.0,0.7830882352941176,0.8317655920982361,True
skateai_clint_peterson_vs_paul_shier_batb1__round_1_00058,bs_180_kickflip,train,48.0,0.8884803921568627,0.89594566822052,True
skateai_daniel_castillo_vs_andrew_reynolds_batb1__round_1_00001,tre_flip,test,48.0,0.8762254901960784,0.8759979009628296,True
skateai_daniel_castillo_vs_andrew_reynolds_batb1__round_1_00002,tre_flip,test,48.0,0.9865196078431373,0.9204432368278503,True
skateai_daniel_castillo_vs_andrew_reynolds_batb1__round_1_00003,fs_180_kickflip,test,48.0,0.7879901960784313,0.9049034118652344,True
skateai_daniel_castillo_vs_andrew_reynolds_batb1__round_1_00004,fs_180_kickflip,test,48.0,0.8823529411764706,0.8955115675926208,True
skateai_daniel_castillo_vs_andrew_reynolds_batb1__round_1_00005,fs_360,test,48.0,0.8382352941176471,0.8932673335075378,True
skateai_daniel_castillo_vs_andrew_reynolds_batb1__round_1_00006,fs_360,test,48.0,0.9068627450980392,0.9015862345695496,True
skateai_daniel_castillo_vs_andrew_reynolds_batb1__round_1_00007,kickflip,test,48.0,0.7794117647058824,0.8261772394180298,True
skateai_daniel_castillo_vs_andrew_reynolds_batb1__round_1_00008,kickflip,test,48.0,0.9166666666666666,0.9094665050506592,True
skateai_daniel_castillo_vs_andrew_reynolds_batb1__round_1_00009,bs_360,test,48.0,0.8455882352941176,0.8787716031074524,True
skateai_daniel_castillo_vs_andrew_reynolds_batb1__round_1_00010,bs_360,test,48.0,0.9007352941176471,0.8882129192352295,True
skateai_daniel_castillo_vs_andrew_reynolds_batb1__round_1_00011,bs_180_heelflip,test,48.0,0.7303921568627451,0.868633508682251,True
skateai_daniel_castillo_vs_andrew_reynolds_batb1__round_1_00012,bs_180_heelflip,test,48.0,0.7928921568627451,0.8275324106216431,True
skateai_daniel_castillo_vs_andrew_reynolds_batb1__round_1_00013,tre_flip,test,48.0,0.8762254901960784,0.8718514442443848,True
skateai_daniel_castillo_vs_andrew_reynolds_batb1__round_1_00014,tre_flip,test,48.0,0.8774509803921569,0.8789259195327759,True
skateai_daniel_castillo_vs_andrew_reynolds_batb1__round_1_00015,fs_180_kickflip,test,48.0,0.9301470588235294,0.8932116627693176,True
skateai_daniel_castillo_vs_andrew_reynolds_batb1__round_1_00016,fs_180_kickflip,test,48.0,0.8321078431372549,0.8632785677909851,True
skateai_daniel_castillo_vs_andrew_reynolds_batb1__round_1_00017,inward_heelflip,test,48.0,0.7218137254901961,0.8347998857498169,True
skateai_daniel_castillo_vs_andrew_reynolds_batb1__round_1_00018,inward_heelflip,test,48.0,0.9129901960784313,0.8835821151733398,True
skateai_daniel_castillo_vs_andrew_reynolds_batb1__round_1_00019,inward_heelflip,test,48.0,0.8370098039215687,0.837718665599823,True
skateai_erik_ellington_vs_danny_montoya_batb1__round_1_00001,fs_180_heelflip,train,48.0,0.6029411764705882,0.8264544606208801,True
skateai_erik_ellington_vs_danny_montoya_batb1__round_1_00002,fs_180_heelflip,train,48.0,0.8088235294117647,0.88053959608078,True
skateai_erik_ellington_vs_danny_montoya_batb1__round_1_00003,hardflip,train,48.0,0.9718137254901961,0.9146617650985718,True
skateai_erik_ellington_vs_danny_montoya_batb1__round_1_00004,kickflip,train,48.0,0.4963235294117647,0.8485667109489441,True
skateai_erik_ellington_vs_danny_montoya_batb1__round_1_00005,kickflip,train,48.0,0.7953431372549019,0.9076915383338928,True
skateai_erik_ellington_vs_danny_montoya_batb1__round_1_00006,kickflip,train,48.0,0.5906862745098039,0.8717294335365295,True
skateai_erik_ellington_vs_danny_montoya_batb1__round_1_00007,kickflip,train,48.0,0.8308823529411765,0.8653798699378967,True
skateai_erik_ellington_vs_danny_montoya_batb1__round_1_00008,tre_flip,train,48.0,0.8590686274509803,0.8509690165519714,True
skateai_erik_ellington_vs_danny_montoya_batb1__round_1_00009,tre_flip,train,48.0,0.8382352941176471,0.8522865176200867,True
skateai_erik_ellington_vs_danny_montoya_batb1__round_1_00010,kickflip,train,48.0,0.8639705882352942,0.8616716265678406,True
skateai_erik_ellington_vs_danny_montoya_batb1__round_1_00011,kickflip,train,48.0,0.7720588235294118,0.8887553811073303,True
skateai_erik_ellington_vs_danny_montoya_batb1__round_1_00012,fs_180_kickflip,train,48.0,0.8529411764705882,0.8796554803848267,True
skateai_erik_ellington_vs_danny_montoya_batb1__round_1_00013,fs_180_kickflip,train,48.0,0.8174019607843137,0.8995619416236877,True
skateai_erik_ellington_vs_danny_montoya_batb1__round_1_00014,fs_180_kickflip,train,48.0,0.8296568627450981,0.8821133375167847,True
skateai_erik_ellington_vs_danny_montoya_batb1__round_1_00015,fs_180_kickflip,train,48.0,0.9007352941176471,0.8627486228942871,True
skateai_erik_ellington_vs_danny_montoya_batb1__round_1_00016,hardflip,train,48.0,0.8933823529411765,0.8833377957344055,True
skateai_erik_ellington_vs_danny_montoya_batb1__round_1_00017,hardflip,train,48.0,0.9264705882352942,0.8825581669807434,True
skateai_erik_ellington_vs_danny_montoya_batb1__round_1_00018,inward_heelflip,train,48.0,0.8639705882352942,0.8658289909362793,True
skateai_erik_ellington_vs_danny_montoya_batb1__round_1_00019,bs_180_kickflip,train,48.0,0.7512254901960784,0.8895449042320251,True
skateai_erik_ellington_vs_danny_montoya_batb1__round_1_00020,bs_180_kickflip,train,48.0,0.9436274509803921,0.9060174822807312,True
skateai_erik_ellington_vs_danny_montoya_batb1__round_1_00021,bs_180_kickflip,train,48.0,0.8161764705882353,0.8884601593017578,True
skateai_erik_ellington_vs_danny_montoya_batb1__round_1_00022,bs_180_kickflip,train,48.0,0.9044117647058824,0.8788996934890747,True
skateai_erik_ellington_vs_danny_montoya_batb1__round_1_00023,tre_flip,train,48.0,0.866421568627451,0.8660216927528381,True
skateai_erik_ellington_vs_danny_montoya_batb1__round_1_00024,tre_flip,train,48.0,0.9485294117647058,0.925773024559021,True
skateai_erik_ellington_vs_danny_montoya_batb1__round_1_00025,bs_180_heelflip,train,48.0,0.9154411764705882,0.8770198822021484,True
skateai_erik_ellington_vs_danny_montoya_batb1__round_1_00026,bs_180_heelflip,train,48.0,0.8455882352941176,0.8687059283256531,True
skateai_erik_ellington_vs_danny_montoya_batb1__round_1_00027,bs_180_heelflip,train,48.0,0.8823529411764706,0.8808425664901733,True
skateai_erik_ellington_vs_danny_montoya_batb1__round_1_00028,varial_heelflip,train,48.0,0.8848039215686274,0.8792203068733215,True
skateai_erik_ellington_vs_danny_montoya_batb1__round_1_00029,inward_heelflip,train,48.0,0.9264705882352942,0.9138864874839783,True
skateai_erik_ellington_vs_danny_montoya_batb1__round_1_00030,inward_heelflip,train,48.0,0.9019607843137255,0.891360878944397,True
skateai_erik_ellington_vs_danny_montoya_batb1__round_1_00031,fs_bigspin,train,48.0,0.8933823529411765,0.9063153862953186,True
skateai_erik_ellington_vs_danny_montoya_batb1__round_1_00032,fs_bigspin,train,48.0,0.866421568627451,0.8805796504020691,True
skateai_erik_ellington_vs_danny_montoya_batb1__round_1_00033,heelflip,train,48.0,0.7941176470588235,0.8986931443214417,True
skateai_erik_ellington_vs_danny_montoya_batb1__round_1_00034,heelflip,train,48.0,0.8602941176470589,0.86908358335495,True
skateai_erik_ellington_vs_danny_montoya_batb1__round_1_00035,heelflip,train,48.0,0.8541666666666666,0.8699191212654114,True
skateai_erik_ellington_vs_danny_montoya_batb1__round_1_00036,fs_360,train,48.0,0.9031862745098039,0.9110449552536011,True
skateai_erik_ellington_vs_danny_montoya_batb1__round_1_00037,fs_360,train,48.0,0.8174019607843137,0.8637180328369141,True
skateai_erik_ellington_vs_danny_montoya_batb1__round_1_00038,bs_bigspin,train,48.0,0.8161764705882353,0.8734810948371887,True
skateai_erik_ellington_vs_danny_montoya_batb1__round_1_00039,bs_bigspin,train,48.0,0.8517156862745098,0.8840469121932983,True
skateai_erik_ellington_vs_danny_montoya_batb1__round_1_00040,bs_bigspin,train,48.0,0.8394607843137255,0.8849021196365356,True
skateai_erik_ellington_vs_danny_montoya_batb1__round_1_00041,bs_180_kickflip,train,48.0,0.8639705882352942,0.835403323173523,True
skateai_sean_malto_vs_donovan_strain_batb1__round_1_00001,kickflip,train,48.0,0.8786764705882353,0.8818441033363342,True
skateai_sean_malto_vs_donovan_strain_batb1__round_1_00002,kickflip,train,48.0,0.8504901960784313,0.8530464172363281,True
skateai_sean_malto_vs_donovan_strain_batb1__round_1_00003,kickflip,train,48.0,0.9044117647058824,0.8804263472557068,True
skateai_sean_malto_vs_donovan_strain_batb1__round_1_00004,kickflip,train,48.0,0.9522058823529411,0.8996559977531433,True
skateai_sean_malto_vs_donovan_strain_batb1__round_1_00005,kickflip,train,48.0,0.8112745098039216,0.860420823097229,True
skateai_sean_malto_vs_donovan_strain_batb1__round_1_00006,kickflip,train,48.0,0.8272058823529411,0.8539180159568787,True
skateai_sean_malto_vs_donovan_strain_batb1__round_1_00007,kickflip,train,48.0,0.7879901960784313,0.8645514845848083,True
skateai_sean_malto_vs_donovan_strain_batb1__round_1_00008,kickflip,train,48.0,0.4166666666666667,0.8234350681304932,False
skateai_sean_malto_vs_donovan_strain_batb1__round_1_00009,tre_flip,train,48.0,0.9546568627450981,0.9036875367164612,True
skateai_sean_malto_vs_donovan_strain_batb1__round_1_00010,tre_flip,train,48.0,0.7450980392156863,0.8546780943870544,True
skateai_sean_malto_vs_donovan_strain_batb1__round_1_00011,tre_flip,train,48.0,0.9362745098039216,0.9104374647140503,True
skateai_sean_malto_vs_donovan_strain_batb1__round_1_00012,tre_flip,train,48.0,0.8002450980392157,0.8400837779045105,True
skateai_sean_malto_vs_donovan_strain_batb1__round_1_00013,tre_flip,train,48.0,0.8063725490196079,0.884946346282959,True
skateai_sean_malto_vs_donovan_strain_batb1__round_1_00014,tre_flip,train,48.0,0.9166666666666666,0.874470591545105,True
skateai_sean_malto_vs_donovan_strain_batb1__round_1_00015,fs_180_double_kickflip,train,48.0,0.7659313725490197,0.893557608127594,True
skateai_sean_malto_vs_donovan_strain_batb1__round_1_00016,fs_180_double_kickflip,train,48.0,0.8480392156862745,0.8662959337234497,True
skateai_sean_malto_vs_donovan_strain_batb1__round_1_00017,bs_biggerspin_kickflip,train,48.0,0.9056372549019608,0.895238995552063,True
skateai_sean_malto_vs_donovan_strain_batb1__round_1_00018,heelflip,train,48.0,0.9105392156862745,0.8878167867660522,True
skateai_sean_malto_vs_donovan_strain_batb1__round_1_00019,heelflip,train,48.0,0.7340686274509803,0.8598958849906921,True
skateai_sean_malto_vs_donovan_strain_batb1__round_1_00020,bs_180_heelflip,train,48.0,0.875,0.8756954669952393,True
skateai_sean_malto_vs_donovan_strain_batb1__round_1_00021,bs_180_heelflip,train,48.0,0.8504901960784313,0.8653451800346375,True
skateai_sean_malto_vs_donovan_strain_batb1__round_1_00022,heelflip,train,48.0,0.7524509803921569,0.8503565788269043,True
skateai_sean_malto_vs_donovan_strain_batb1__round_1_00023,heelflip,train,48.0,0.8774509803921569,0.8767601251602173,True
skateai_sean_malto_vs_donovan_strain_batb1__round_1_00024,fs_shuvit,train,48.0,0.9350490196078431,0.8968398571014404,True
skateai_sean_malto_vs_donovan_strain_batb1__round_1_00025,fs_shuvit,train,48.0,0.8909313725490197,0.8797211050987244,True
skateai_sean_malto_vs_donovan_strain_batb1__round_1_00026,fs_shuvit,train,48.0,0.9276960784313726,0.9208455681800842,True
skateai_sean_malto_vs_donovan_strain_batb1__round_1_00027,fs_shuvit,train,48.0,0.9571078431372549,0.9064368009567261,True
skateai_sean_malto_vs_donovan_strain_batb1__round_1_00028,fs_360_shuvit,train,48.0,0.7867647058823529,0.8700082302093506,True
skateai_sean_malto_vs_donovan_strain_batb1__round_1_00029,laser_flip,train,48.0,0.9044117647058824,0.8758249878883362,True
skateai_sean_malto_vs_donovan_strain_batb1__round_1_00030,laser_flip,train,48.0,0.8786764705882353,0.8793684244155884,True
skateai_sean_malto_vs_donovan_strain_batb1__round_1_00031,bs_biggerspin_kickflip,train,48.0,0.8529411764705882,0.9030255079269409,True
skateai_sean_malto_vs_donovan_strain_batb1__round_1_00032,bs_biggerspin_kickflip,train,48.0,0.9105392156862745,0.8965635895729065,True
skateai_sean_malto_vs_donovan_strain_batb1__round_1_00033,bs_180_double_kickflip,train,48.0,0.8541666666666666,0.8722310662269592,True
skateai_sean_malto_vs_donovan_strain_batb1__round_1_00034,hard_double_flip,train,48.0,0.9056372549019608,0.8882607221603394,True
skateai_sean_malto_vs_donovan_strain_batb1__round_1_00035,hard_double_flip,train,48.0,0.9117647058823529,0.8814712762832642,True
skateai_sean_malto_vs_donovan_strain_batb1__round_1_00036,hard_double_flip,train,48.0,0.8615196078431373,0.8737315535545349,True
skateai_eric_koston_vs_rob_dyrdek_batb1__round_1_00001,tre_flip,test,48.0,0.8627450980392157,0.8976881504058838,True
skateai_eric_koston_vs_rob_dyrdek_batb1__round_1_00002,tre_flip,test,48.0,0.8492647058823529,0.8604772686958313,True
skateai_eric_koston_vs_rob_dyrdek_batb1__round_1_00003,tre_flip,test,48.0,0.8480392156862745,0.8853217959403992,True
skateai_eric_koston_vs_rob_dyrdek_batb1__round_1_00004,tre_flip,test,48.0,0.8627450980392157,0.8796277642250061,True
skateai_eric_koston_vs_rob_dyrdek_batb1__round_1_00005,fs_shuvit,test,48.0,0.8872549019607843,0.8847784399986267,True
skateai_eric_koston_vs_rob_dyrdek_batb1__round_1_00006,fs_shuvit,test,48.0,0.7941176470588235,0.8665013909339905,True
skateai_eric_koston_vs_rob_dyrdek_batb1__round_1_00007,fs_180_kickflip,test,48.0,0.8553921568627451,0.876045286655426,True
skateai_eric_koston_vs_rob_dyrdek_batb1__round_1_00008,fs_180_kickflip,test,48.0,0.8394607843137255,0.8936650156974792,True
skateai_eric_koston_vs_rob_dyrdek_batb1__round_1_00009,fs_bigspin,test,48.0,0.8700980392156863,0.8853283524513245,True
skateai_eric_koston_vs_rob_dyrdek_batb1__round_1_00010,fs_bigspin,test,48.0,0.803921568627451,0.8998182415962219,True
skateai_eric_koston_vs_rob_dyrdek_batb1__round_1_00011,varial_heelflip,test,48.0,0.8088235294117647,0.8610618710517883,True
skateai_eric_koston_vs_rob_dyrdek_batb1__round_1_00012,heelflip,test,48.0,0.9203431372549019,0.9013787508010864,True
skateai_eric_koston_vs_rob_dyrdek_batb1__round_1_00013,tre_double_flip,test,48.0,0.8419117647058824,0.8462649583816528,True
skateai_eric_koston_vs_rob_dyrdek_batb1__round_1_00014,heelflip,test,48.0,0.7941176470588235,0.8525671362876892,True
skateai_eric_koston_vs_rob_dyrdek_batb1__round_1_00015,bs_biggerspin_kickflip,test,48.0,0.8480392156862745,0.8532444834709167,True
skateai_eric_koston_vs_rob_dyrdek_batb1__round_1_00016,bs_biggerspin_kickflip,test,48.0,0.8492647058823529,0.9004778265953064,True
skateai_eric_koston_vs_rob_dyrdek_batb1__round_1_00017,inward_heelflip,test,48.0,0.8713235294117647,0.8750491738319397,True
skateai_eric_koston_vs_rob_dyrdek_batb1__round_1_00018,inward_heelflip,test,48.0,0.8725490196078431,0.8906905651092529,True
skateai_eric_koston_vs_rob_dyrdek_batb1__round_1_00019,inward_heelflip,test,48.0,0.7634803921568627,0.8705635666847229,True
