canonical_name,category,aliases
ollie,flatground,ollie
kickflip,flatground,"kick flip;flip"
heelflip,flatground,"heel flip;heelflip"
pop_shuvit,flatground,"shuvit;pop shuvit;shuv-it;pop shove-it;shove-it"
fs_shuvit,flatground,"frontside shuvit;frontside pop shuvit;fs pop shuvit"
bs_180,flatground,"backside 180;bs 180 ollie"
fs_180,flatground,"frontside 180;fs 180 ollie"
varial_kickflip,flatground,"varial flip"
varial_heelflip,flatground,"varial heel"
hardflip,flatground,"hard flip"
inward_heelflip,flatground,"inward heel"
tre_flip,flatground,"360 flip;360 kickflip;3-flip"
laser_flip,flatground,"360 heelflip;360 heel"
bs_360,flatground,"backside 360"
fs_360,flatground,"frontside 360"
half_cab,flatground,"halfcab;half cab"
full_cab,flatground,"caballerial;fullcab;full cab"
impossible,flatground,"impossible"
bs_bigspin,flatground,"backside bigspin;bigspin"
fs_bigspin,flatground,"frontside bigspin"
double_kickflip,flatground,"double flip"
double_heelflip,flatground,"double heel"
none,flatground,"no trick;flat rolling;stationary"

