clip_id,dataset,file_path,sha256,label,skater_id,skater_id_source,camera_id,duration_sec,frame_count,fps,width,height,split_published,split_holdout
sbml_kickflip0,skateboardml,data/raw/skateboardml/Kickflip/Kickflip0.mov,6598cd3020b304a32a72fbb64a949bcf4f826bbdc57a1e150d9aa1d2de27f459,kickflip,skater_00,synthetic_clip_number,cam_640x360,1.85,56,30.2,640,360,test,test
sbml_kickflip1,skateboardml,data/raw/skateboardml/Kickflip/Kickflip1.mov,6d89790bdc74e299a3e5c5434fbe87c3839404e4e040523396e2c46efa129296,kickflip,skater_01,synthetic_clip_number,cam_640x360,3.4,102,30.0,640,360,train,test
sbml_kickflip10,skateboardml,data/raw/skateboardml/Kickflip/Kickflip10.mov,0ac1c27e300665f3fdd90d16b3910c2ccd89d6e3213c40e2ad0fb8dfd4d8ff29,kickflip,skater_02,synthetic_clip_number,cam_1920x1080,2.11,58,27.5,1920,1080,test,train
sbml_kickflip100,skateboardml,data/raw/skateboardml/Kickflip/Kickflip100.mov,a71e3fc5655d74a6394b04d4d6698688955195c526af18163f454259f0f29f85,kickflip,skater_04,synthetic_clip_number,cam_1080x1920,3.06,76,24.9,1080,1920,test,train
sbml_kickflip101,skateboardml,data/raw/skateboardml/Kickflip/Kickflip101.mov,68d6dc43b6dedc2c839e39db951ffaaa9cfd9a645666d692f22ef8597b3415c1,kickflip,skater_05,synthetic_clip_number,cam_1080x1920,1.73,47,27.1,1080,1920,train,train
sbml_kickflip102,skateboardml,data/raw/skateboardml/Kickflip/Kickflip102.mov,a08f66abe99390a43f7642fee374d44c94f44d2a0aa583be952f9e6943342d2a,kickflip,skater_06,synthetic_clip_number,cam_1080x1920,1.98,51,25.8,1080,1920,train,train
sbml_kickflip103,skateboardml,data/raw/skateboardml/Kickflip/Kickflip103.mov,1366eaa53431973d4d5138822b5c7e7c5c02b51ef7f28c4863e67c253f2b38c3,kickflip,skater_07,synthetic_clip_number,cam_1080x1920,1.6,38,23.7,1080,1920,train,train
sbml_kickflip104,skateboardml,data/raw/skateboardml/Kickflip/Kickflip104.mov,c38bfa5857310362d6537c1a37c1499de943e7b5f2cced2b45efb57c7bcbe719,kickflip,skater_00,synthetic_clip_number,cam_1080x1920,2.88,70,24.3,1080,1920,test,test
sbml_kickflip105,skateboardml,data/raw/skateboardml/Kickflip/Kickflip105.mov,74a6fd6cfb34f203c50814636809869339f2ab632e4a105e87e43bdf39c0aa5c,kickflip,skater_01,synthetic_clip_number,cam_1080x1920,2.27,56,24.7,1080,1920,train,test
sbml_kickflip106,skateboardml,data/raw/skateboardml/Kickflip/Kickflip106.mov,dc28027a4855dfff90356421d96eaf5516ecc3f5f0fe7e1a6b6ea10f107d08ed,kickflip,skater_02,synthetic_clip_number,cam_1080x1920,1.56,44,28.2,1080,1920,train,train
sbml_kickflip107,skateboardml,data/raw/skateboardml/Kickflip/Kickflip107.mov,d0c6592dd5cc29c23783f614cdda0064e95f640c86ff4bb9532e3ae9b5768d86,kickflip,skater_03,synthetic_clip_number,cam_1080x1920,2.75,68,24.8,1080,1920,train,train
sbml_kickflip108,skateboardml,data/raw/skateboardml/Kickflip/Kickflip108.mov,f0420cda16a62d366d138d69bcc44e11a55f6340d991f65114de89295bedf6e1,kickflip,skater_04,synthetic_clip_number,cam_1080x1920,12.41,372,30.0,1080,1920,test,train
sbml_kickflip109,skateboardml,data/raw/skateboardml/Kickflip/Kickflip109.mov,999bbcf453ce54770bc6f1106b582656537178c63c62253d97780630fa05fd4d,kickflip,skater_05,synthetic_clip_number,cam_1792x828,6.53,74,11.3,1792,828,train,train
sbml_kickflip11,skateboardml,data/raw/skateboardml/Kickflip/Kickflip11.mov,32ea8ea0379983d80c861a8a067ce20a5140b382487112ce4dd00a5e99e0df89,kickflip,skater_03,synthetic_clip_number,cam_1920x1080,2.63,70,26.6,1920,1080,train,train
sbml_kickflip110,skateboardml,data/raw/skateboardml/Kickflip/Kickflip110.mov,5d56c8b0a78f640c24bbb552bd9bce832a32ab44b83e03b9dff6c42ab51ed5cf,kickflip,skater_06,synthetic_clip_number,cam_1792x828,10.93,236,21.6,1792,828,train,train
sbml_kickflip111,skateboardml,data/raw/skateboardml/Kickflip/Kickflip111.mov,aa11466264a6545d27d2ac46aa17097945c9b6c01fc7d394a9aec236bbc442d4,kickflip,skater_07,synthetic_clip_number,cam_828x472,3.7,220,59.5,828,472,train,train
sbml_kickflip112,skateboardml,data/raw/skateboardml/Kickflip/Kickflip112.mov,f7823f6774aff9ffd5209dac35dbf8d6ba6a68f82d7ea8686c3cac72dd0c4d3f,kickflip,skater_00,synthetic_clip_number,cam_828x822,1.38,83,60.2,828,822,test,test
sbml_kickflip113,skateboardml,data/raw/skateboardml/Kickflip/Kickflip113.MOV,e7852ed73723dd0d222a0cdd0d342cec24c1bd93aa6329bb0b3bbf2f64054b33,kickflip,skater_01,synthetic_clip_number,cam_1792x828,11.27,333,29.6,1792,828,train,test
sbml_kickflip12,skateboardml,data/raw/skateboardml/Kickflip/Kickflip12.mov,d3561bbc375400b8d03f0389ce8dcb75c5777f29690dba558aa06e11a37cde18,kickflip,skater_04,synthetic_clip_number,cam_1920x1080,2.35,65,27.6,1920,1080,test,train
sbml_kickflip13,skateboardml,data/raw/skateboardml/Kickflip/Kickflip13.mov,025ec1a63545d59dbb12e50ab5f785f5493988ce749126ae175e2ffd363fcf99,kickflip,skater_05,synthetic_clip_number,cam_1920x1080,2.51,64,25.5,1920,1080,train,train
sbml_kickflip14,skateboardml,data/raw/skateboardml/Kickflip/Kickflip14.mov,1cddfc232226b16469ac22fca77293ad231cdaf1fa3d8f15774ecb4a640a95aa,kickflip,skater_06,synthetic_clip_number,cam_1920x1080,2.4,54,22.5,1920,1080,test,train
sbml_kickflip15,skateboardml,data/raw/skateboardml/Kickflip/Kickflip15.mov,6f0cb0f412b33c53b73367170a5e975b187116bbfec8c475f5c945d8c8bde36e,kickflip,skater_07,synthetic_clip_number,cam_1920x1080,3.64,101,27.8,1920,1080,train,train
sbml_kickflip16,skateboardml,data/raw/skateboardml/Kickflip/Kickflip16.mov,a7308442047e81958be6638b01a9980687761bc42a0ac56858acdb923f0007af,kickflip,skater_00,synthetic_clip_number,cam_1920x1080,2.79,72,25.8,1920,1080,train,test
sbml_kickflip17,skateboardml,data/raw/skateboardml/Kickflip/Kickflip17.mov,43b517200bb46b025ac6cb53dafeb10424667d264b799e68545da8ece203e210,kickflip,skater_01,synthetic_clip_number,cam_1920x1080,2.5,70,28.0,1920,1080,train,test
sbml_kickflip18,skateboardml,data/raw/skateboardml/Kickflip/Kickflip18.mov,77660d1d85b665d464d4f339a263472701a480de97331adcc670d5072c247d18,kickflip,skater_02,synthetic_clip_number,cam_1920x1080,1.44,36,25.1,1920,1080,train,train
sbml_kickflip19,skateboardml,data/raw/skateboardml/Kickflip/Kickflip19.mov,a31aebbdf1fe6a65faf22d2278ba1e1233af13a109d34ebd546625ba3c9567e0,kickflip,skater_03,synthetic_clip_number,cam_1920x1080,3.2,82,25.6,1920,1080,test,train
sbml_kickflip2,skateboardml,data/raw/skateboardml/Kickflip/Kickflip2.mov,cce758920b431166b34275f1f8bbdd5a8747f1cc05fb6d1d7eee29b6216cb18b,kickflip,skater_02,synthetic_clip_number,cam_640x360,1.26,38,30.2,640,360,train,train
sbml_kickflip20,skateboardml,data/raw/skateboardml/Kickflip/Kickflip20.mov,b0aee972e5e2737894602b49e06727199bc2cf88f27da12f58a6b84d90a6b54c,kickflip,skater_04,synthetic_clip_number,cam_1920x1080,2.47,62,25.1,1920,1080,train,train
sbml_kickflip21,skateboardml,data/raw/skateboardml/Kickflip/Kickflip21.mov,798459288cddda55cdfd869e1ca3fcbbfe8068e45ac2ec322e5cdd36f4ea74f5,kickflip,skater_05,synthetic_clip_number,cam_1920x1080,2.17,57,26.3,1920,1080,train,train
sbml_kickflip22,skateboardml,data/raw/skateboardml/Kickflip/Kickflip22.mov,30072cc5b05e2370d6320461bf6d0490864ea878f5fa54485a9b3611836e8e0b,kickflip,skater_06,synthetic_clip_number,cam_1920x1080,2.83,72,25.4,1920,1080,test,train
sbml_kickflip23,skateboardml,data/raw/skateboardml/Kickflip/Kickflip23.mov,e66a3b1d1e5f80c4d6ceab7c4e7f2763487b26886008436549e3bc43a490d7c4,kickflip,skater_07,synthetic_clip_number,cam_1920x1080,3.44,85,24.7,1920,1080,train,train
sbml_kickflip24,skateboardml,data/raw/skateboardml/Kickflip/Kickflip24.mov,bb18f597c7faccde28a057211a6f54ab453b49e17bd6bffe01b021af4f6ff93a,kickflip,skater_00,synthetic_clip_number,cam_1920x1080,2.34,63,27.0,1920,1080,test,test
sbml_kickflip25,skateboardml,data/raw/skateboardml/Kickflip/Kickflip25.mov,0630b5af356063cf5914a7486f26cefd4738eaf602d6b3241c472a732935aa8d,kickflip,skater_01,synthetic_clip_number,cam_1920x1080,2.3,65,28.2,1920,1080,train,test
sbml_kickflip26,skateboardml,data/raw/skateboardml/Kickflip/Kickflip26.mov,454f6ff03126f3249f7beb7a9e283b9230bff209bfe47c1cc5d7ae31cbb7d99c,kickflip,skater_02,synthetic_clip_number,cam_1920x1080,2.33,60,25.7,1920,1080,train,train
sbml_kickflip27,skateboardml,data/raw/skateboardml/Kickflip/Kickflip27.mov,3b8030079aecd24b8b55b24e425d06f9ea7c460f4f4afce6b578d43bf0882f35,kickflip,skater_03,synthetic_clip_number,cam_1920x1080,1.97,56,28.4,1920,1080,train,train
sbml_kickflip28,skateboardml,data/raw/skateboardml/Kickflip/Kickflip28.mov,f30c9acd82a11f6975a565aae44b0741c06cdad1a024ea95f3df1ef40bb85220,kickflip,skater_04,synthetic_clip_number,cam_1920x1080,3.67,110,30.0,1920,1080,train,train
sbml_kickflip29,skateboardml,data/raw/skateboardml/Kickflip/Kickflip29.mov,61e40f1119e7f5d1abd3198fc53ca44e197e07419698dbc284cf2d1bfa831abd,kickflip,skater_05,synthetic_clip_number,cam_1920x1080,3.6,95,26.4,1920,1080,train,train
sbml_kickflip3,skateboardml,data/raw/skateboardml/Kickflip/Kickflip3.mov,ac7d9d1a69849e08145d8abbaf38933482dd560ccad79a05ad4ef598022c26f9,kickflip,skater_03,synthetic_clip_number,cam_640x360,1.24,38,30.7,640,360,train,train
sbml_kickflip30,skateboardml,data/raw/skateboardml/Kickflip/Kickflip30.mov,a04ac754b7235a9a7de03dd6c73d421818833fed1d3298e1800d7016921d137a,kickflip,skater_06,synthetic_clip_number,cam_1920x1080,1.86,51,27.4,1920,1080,test,train
sbml_kickflip31,skateboardml,data/raw/skateboardml/Kickflip/Kickflip31.mov,742e8a12c4c7995ad3fd781548136c4f4dfd20aada40ef6bd1e3aad5295173c6,kickflip,skater_07,synthetic_clip_number,cam_1920x1080,7.74,232,30.0,1920,1080,test,train
sbml_kickflip32,skateboardml,data/raw/skateboardml/Kickflip/Kickflip32.mov,23a6e7bb9c11bfbc332b53597ff25683af878e471042922274c8a6eb8fea1055,kickflip,skater_00,synthetic_clip_number,cam_1920x1080,1.64,49,30.0,1920,1080,train,test
sbml_kickflip33,skateboardml,data/raw/skateboardml/Kickflip/Kickflip33.mov,e380d0a0e01c7e4d46ee6756b5cd675fd32b8bf548989df4a30a8cd8c9601896,kickflip,skater_01,synthetic_clip_number,cam_1920x1080,3.07,75,24.4,1920,1080,train,test
sbml_kickflip34,skateboardml,data/raw/skateboardml/Kickflip/Kickflip34.mov,a610bf7284b923a349eec2f95e78b20b724d198a7c3d9e044f48a8e0d8f8bf7f,kickflip,skater_02,synthetic_clip_number,cam_1920x1080,1.97,59,30.0,1920,1080,test,train
sbml_kickflip35,skateboardml,data/raw/skateboardml/Kickflip/Kickflip35.mov,b896edef013835dbedc71c9913992c3348d65c518b88de2becdbe4801fb24553,kickflip,skater_03,synthetic_clip_number,cam_1920x1080,1.67,41,24.5,1920,1080,train,train
sbml_kickflip36,skateboardml,data/raw/skateboardml/Kickflip/Kickflip36.mov,d2d60cbe2e35ec080eb2d64e186f98b1111294e44b6c47bd9862508c43182e03,kickflip,skater_04,synthetic_clip_number,cam_1920x1080,1.3,34,26.1,1920,1080,train,train
sbml_kickflip37,skateboardml,data/raw/skateboardml/Kickflip/Kickflip37.mov,2be86d34b56d519e2621beaed1a6dc8d28a4418107719381604dc7ac68429399,kickflip,skater_05,synthetic_clip_number,cam_1920x1080,2.87,74,25.8,1920,1080,train,train
sbml_kickflip38,skateboardml,data/raw/skateboardml/Kickflip/Kickflip38.mov,0ffc910100f9813d5a1c6cb26e2dca8f19a024d812243e45c08b49e255a88ab9,kickflip,skater_06,synthetic_clip_number,cam_1920x1080,3.47,92,26.5,1920,1080,train,train
sbml_kickflip39,skateboardml,data/raw/skateboardml/Kickflip/Kickflip39.mov,bf18d8201af19bf6edd098685fe61348185e0d17fa55185712f6f46986d3ad36,kickflip,skater_07,synthetic_clip_number,cam_1920x1080,3.97,101,25.4,1920,1080,train,train
sbml_kickflip4,skateboardml,data/raw/skateboardml/Kickflip/Kickflip4.mov,ac5b08afd52da3f1f3ab278372b4ee575a16707db10965aee30c69fe0047e8ed,kickflip,skater_04,synthetic_clip_number,cam_640x360,2.97,89,30.0,640,360,train,train
sbml_kickflip40,skateboardml,data/raw/skateboardml/Kickflip/Kickflip40.mov,b4af759f2d0a108b162596f2fd0c40ca86e44f775f397ab76896f432728d77f0,kickflip,skater_00,synthetic_clip_number,cam_1920x1080,2.9,72,24.8,1920,1080,train,test
sbml_kickflip41,skateboardml,data/raw/skateboardml/Kickflip/Kickflip41.mov,64f9d29c537363721d98708200849b0cbd0a5da7596e9387cc6385c57cd9a794,kickflip,skater_01,synthetic_clip_number,cam_1920x1080,2.17,56,25.8,1920,1080,test,test
sbml_kickflip42,skateboardml,data/raw/skateboardml/Kickflip/Kickflip42.mov,ef10a94f8266b143139c59808b9b9b6189c7694ba273faca882b7ac9d8798c86,kickflip,skater_02,synthetic_clip_number,cam_1920x1080,1.36,41,30.2,1920,1080,train,train
sbml_kickflip43,skateboardml,data/raw/skateboardml/Kickflip/Kickflip43.mov,d30182f7bf982e63b223c999dd893b586230eefc8533c0f0e539e00b3dc3c21d,kickflip,skater_03,synthetic_clip_number,cam_1920x1080,2.3,69,30.0,1920,1080,train,train
sbml_kickflip44,skateboardml,data/raw/skateboardml/Kickflip/Kickflip44.mov,5c66a2eeba13dd25c59fc5992e5fe91519e438a7858f26e4443fc1455e788ebc,kickflip,skater_04,synthetic_clip_number,cam_1920x1080,2.27,68,30.0,1920,1080,train,train
sbml_kickflip45,skateboardml,data/raw/skateboardml/Kickflip/Kickflip45.mov,cbe95f16a0bc4a12d32d287199fcb8dd33f5388e7393f8be3fe6ea3a8409ff14,kickflip,skater_05,synthetic_clip_number,cam_1920x1080,1.67,50,30.0,1920,1080,train,train
sbml_kickflip46,skateboardml,data/raw/skateboardml/Kickflip/Kickflip46.mov,ddd2fc9f95918d062cb36aa33fbf34d82d99a59ba14878a662d6dc6c73bd6083,kickflip,skater_06,synthetic_clip_number,cam_1920x1080,2.3,69,30.0,1920,1080,test,train
sbml_kickflip47,skateboardml,data/raw/skateboardml/Kickflip/Kickflip47.mov,aabdc76a6097930a27370aa5d0c4d5325dde5a10c44e440545ee75d989905421,kickflip,skater_07,synthetic_clip_number,cam_1920x1080,1.44,43,30.0,1920,1080,train,train
sbml_kickflip48,skateboardml,data/raw/skateboardml/Kickflip/Kickflip48.mov,555b37db186c7c9b633a34f58df6a5df2c9b9b401df17d932e850f3eb739a803,kickflip,skater_00,synthetic_clip_number,cam_1920x1080,2.37,71,30.0,1920,1080,test,test
sbml_kickflip49,skateboardml,data/raw/skateboardml/Kickflip/Kickflip49.mov,2d14178cfa72369dbec947e43dbd1d8e3855a938c1a3aba53688cfe93f1c1c17,kickflip,skater_01,synthetic_clip_number,cam_1920x1080,1.5,45,30.0,1920,1080,train,test
sbml_kickflip5,skateboardml,data/raw/skateboardml/Kickflip/Kickflip5.mov,cf3c8142bf89c0828e5adf4528f52c52a6fbcd64ee45a038146d53d8e8a87a91,kickflip,skater_05,synthetic_clip_number,cam_1280x720,3.11,94,30.2,1280,720,train,train
sbml_kickflip50,skateboardml,data/raw/skateboardml/Kickflip/Kickflip50.mov,5a09a0003a30cabf1e25cc07e245c7a594e1f5d3afead491a8529b6989370d4d,kickflip,skater_02,synthetic_clip_number,cam_1920x1080,2.27,58,25.6,1920,1080,train,train
sbml_kickflip51,skateboardml,data/raw/skateboardml/Kickflip/Kickflip51.mov,be9be012014bef1f056642bfb73f03f2de16fa22646b8b20d4924e77b3c38382,kickflip,skater_03,synthetic_clip_number,cam_1920x1080,1.17,36,30.7,1920,1080,train,train
sbml_kickflip52,skateboardml,data/raw/skateboardml/Kickflip/Kickflip52.mov,a65767f66032eb523f0c41db71f03ce5cb234f66d5c4c16ecc5d7f2536e9c587,kickflip,skater_04,synthetic_clip_number,cam_1920x1080,2.5,75,30.0,1920,1080,train,train
sbml_kickflip53,skateboardml,data/raw/skateboardml/Kickflip/Kickflip53.mov,ae018d04a4117bc3ef8785842cba2d8c55bd2e3105b9e23c5d7127d519e0a292,kickflip,skater_05,synthetic_clip_number,cam_1920x1080,1.55,39,25.1,1920,1080,test,train
sbml_kickflip54,skateboardml,data/raw/skateboardml/Kickflip/Kickflip54.mov,852f50592d47f94be4624ec010029b0874c09fc08b5b5859e0e1b70ca1ec3a67,kickflip,skater_06,synthetic_clip_number,cam_1920x1080,1.54,39,25.4,1920,1080,train,train
sbml_kickflip55,skateboardml,data/raw/skateboardml/Kickflip/Kickflip55.mov,c437ec05c89949a6bcbcc9a27b23446531924e88a601189ba261b3ca16609432,kickflip,skater_07,synthetic_clip_number,cam_1920x1080,2.07,47,22.7,1920,1080,train,train
sbml_kickflip56,skateboardml,data/raw/skateboardml/Kickflip/Kickflip56.mov,7e40c697d91da8eeede853da13f0a923b7f56d446e4f1a374f0a072e76822ba5,kickflip,skater_00,synthetic_clip_number,cam_1920x1080,1.33,34,25.5,1920,1080,train,test
sbml_kickflip57,skateboardml,data/raw/skateboardml/Kickflip/Kickflip57.mov,188c83273813d616ca7ee2620ced515e8c7b5f2c86d6beb53845ecbdbcc85d85,kickflip,skater_01,synthetic_clip_number,cam_1920x1080,2.14,46,21.5,1920,1080,train,test
sbml_kickflip58,skateboardml,data/raw/skateboardml/Kickflip/Kickflip58.mov,a915186c94faf3af56fa3b3ef6ad2cec48aaabf6dd7fd9c8aef0825066acc60c,kickflip,skater_02,synthetic_clip_number,cam_1920x1080,1.3,34,26.2,1920,1080,train,train
sbml_kickflip59,skateboardml,data/raw/skateboardml/Kickflip/Kickflip59.mov,51ba798a0178fddde12207037cda855cbeaae62765215e45e59082373aafa14a,kickflip,skater_03,synthetic_clip_number,cam_1920x1080,1.0,242,241.9,1920,1080,train,train
sbml_kickflip6,skateboardml,data/raw/skateboardml/Kickflip/Kickflip6.mov,5d6a4b8b571490713cfe042e49091c1ec3987d5080d854223c2352f29f839e29,kickflip,skater_06,synthetic_clip_number,cam_1280x720,4.99,150,30.0,1280,720,train,train
sbml_kickflip60,skateboardml,data/raw/skateboardml/Kickflip/Kickflip60.mov,f68fdf1e430e50f37c3e8b14a7cb478f5f12430697a486bfa60ef50df1c5a379,kickflip,skater_04,synthetic_clip_number,cam_1920x1080,1.0,242,241.9,1920,1080,train,train
sbml_kickflip61,skateboardml,data/raw/skateboardml/Kickflip/Kickflip61.mov,ee5561a962efa57fcb84b826f9ee3c5bf40507a79cc3edc5aacf41395de9e9c9,kickflip,skater_05,synthetic_clip_number,cam_1920x1080,1.0,242,241.9,1920,1080,train,train
sbml_kickflip62,skateboardml,data/raw/skateboardml/Kickflip/Kickflip62.mov,32ac839f5ce8fcceaf7583c96f0bf1b8179373a28682ef8f43ef34f010fbf218,kickflip,skater_06,synthetic_clip_number,cam_1920x1080,1.0,241,241.0,1920,1080,test,train
sbml_kickflip63,skateboardml,data/raw/skateboardml/Kickflip/Kickflip63.mov,523d45f45928cd83d07936ed852b6c792e8ddebe10f84432073b3b3890c6a6a0,kickflip,skater_07,synthetic_clip_number,cam_1920x1080,1.0,242,241.9,1920,1080,train,train
sbml_kickflip64,skateboardml,data/raw/skateboardml/Kickflip/Kickflip64.mov,cfa21791f5f69fdbc66ae30c92de1b5465326a2713174809424775ed84b0d068,kickflip,skater_00,synthetic_clip_number,cam_1920x1080,1.0,241,241.0,1920,1080,train,test
sbml_kickflip65,skateboardml,data/raw/skateboardml/Kickflip/Kickflip65.mov,0e11609a46bfcfc82b54deaf44cc848a7eafd1bdd2ffd2d7bf9f78e4ae115d8b,kickflip,skater_01,synthetic_clip_number,cam_1920x1080,1.0,242,241.9,1920,1080,train,test
sbml_kickflip66,skateboardml,data/raw/skateboardml/Kickflip/Kickflip66.mov,219dd074b9834c50a0df9d2e522f29cb9104c232f9525dea4e4ee29db22f4813,kickflip,skater_02,synthetic_clip_number,cam_1920x1080,1.0,242,241.9,1920,1080,train,train
sbml_kickflip67,skateboardml,data/raw/skateboardml/Kickflip/Kickflip67.mov,2ba239d285df74603579722bcde49a4399581190f5568a96c0d9b8b6f185f1ac,kickflip,skater_03,synthetic_clip_number,cam_1920x1080,1.0,241,241.0,1920,1080,train,train
sbml_kickflip68,skateboardml,data/raw/skateboardml/Kickflip/Kickflip68.mov,70b4572a270b63eef2062fd6270d783c6cdae6721f32773c67a0657c6bd6c812,kickflip,skater_04,synthetic_clip_number,cam_1080x1920,1.98,50,25.2,1080,1920,train,train
sbml_kickflip69,skateboardml,data/raw/skateboardml/Kickflip/Kickflip69.mov,433841dbdc611ccaf5a9aab031f52727b154518c35d54f43931188dcd6ef0500,kickflip,skater_05,synthetic_clip_number,cam_1080x1920,1.97,49,24.9,1080,1920,train,train
sbml_kickflip7,skateboardml,data/raw/skateboardml/Kickflip/Kickflip7.mov,9e9c9eaa693ba40ef569b514112080a715ab08daf31608f16da21c18987adcb2,kickflip,skater_07,synthetic_clip_number,cam_1920x1080,2.9,80,27.6,1920,1080,test,train
sbml_kickflip70,skateboardml,data/raw/skateboardml/Kickflip/Kickflip70.mov,7ee4573092962bfa36a5cc0a3672e789cd705b96effe5af14894eb0fe0ec05cb,kickflip,skater_06,synthetic_clip_number,cam_1080x1920,2.23,58,26.0,1080,1920,test,train
sbml_kickflip71,skateboardml,data/raw/skateboardml/Kickflip/Kickflip71.mov,2b2b7ac4734c416c3f96e18c75938d8b300d75446dad44fe5d458a8deedf979b,kickflip,skater_07,synthetic_clip_number,cam_1080x1920,2.0,44,22.0,1080,1920,train,train
sbml_kickflip72,skateboardml,data/raw/skateboardml/Kickflip/Kickflip72.mov,d0eafce8b9be0131db5c59fd304dcf648940d0cd36d8efa357eb453660ebc468,kickflip,skater_00,synthetic_clip_number,cam_1080x1920,2.1,45,21.4,1080,1920,train,test
sbml_kickflip73,skateboardml,data/raw/skateboardml/Kickflip/Kickflip73.mov,f0f605d921363e1a02d094127b419d228a930c35c9b7edbf67aa406befe740c8,kickflip,skater_01,synthetic_clip_number,cam_1080x1920,1.6,38,23.7,1080,1920,train,test
sbml_kickflip74,skateboardml,data/raw/skateboardml/Kickflip/Kickflip74.mov,7ead06c5f8b2be14f36efb2f7ce4e4687de8039c9c17658272b3f513e981cb9f,kickflip,skater_02,synthetic_clip_number,cam_1080x1920,2.1,60,28.5,1080,1920,train,train
sbml_kickflip75,skateboardml,data/raw/skateboardml/Kickflip/Kickflip75.mov,e4e7531e971c5ea52a760de29a756ef508ab0a3e8f2947d06bd41730770a7841,kickflip,skater_03,synthetic_clip_number,cam_1080x1920,1.3,36,27.7,1080,1920,train,train
sbml_kickflip76,skateboardml,data/raw/skateboardml/Kickflip/Kickflip76.mov,9bbee666cf43c62d4f2dbdc1933de419bc2c37d651fb6ce9c6454637f912f4e5,kickflip,skater_04,synthetic_clip_number,cam_1080x1920,2.37,62,26.2,1080,1920,train,train
sbml_kickflip77,skateboardml,data/raw/skateboardml/Kickflip/Kickflip77.mov,0c553b5bd5fecc13ae9780c828fb5d0e5dde2734c0d521b7e7f888146306c66e,kickflip,skater_05,synthetic_clip_number,cam_1080x1920,3.14,94,30.0,1080,1920,train,train
sbml_kickflip78,skateboardml,data/raw/skateboardml/Kickflip/Kickflip78.mov,1fb82246beb73a5571aebf5d39822d152d970546d1f7dfc2dde9eace34e94099,kickflip,skater_06,synthetic_clip_number,cam_1080x1920,1.73,44,25.4,1080,1920,train,train
sbml_kickflip79,skateboardml,data/raw/skateboardml/Kickflip/Kickflip79.mov,dc93d8c5cc64bd805c43d9a104628b20555d39a3006e08bf72ee72797e4f577a,kickflip,skater_07,synthetic_clip_number,cam_1080x1920,2.07,57,27.5,1080,1920,train,train
sbml_kickflip8,skateboardml,data/raw/skateboardml/Kickflip/Kickflip8.mov,c96a0a117b4afe086a25244bb3a72f414c14ff185dfd6aba74cf6804ed619104,kickflip,skater_00,synthetic_clip_number,cam_1920x1080,2.5,61,24.4,1920,1080,test,test
sbml_kickflip80,skateboardml,data/raw/skateboardml/Kickflip/Kickflip80.mov,f20d6cd41ac82edb7415a1ab6ee5024b3dcd3911aad76032614c23fbe4a67ff6,kickflip,skater_00,synthetic_clip_number,cam_1080x1920,2.1,57,27.1,1080,1920,test,test
sbml_kickflip81,skateboardml,data/raw/skateboardml/Kickflip/Kickflip81.mov,bf9bb9bd00e3132586569a8208df92c97ee81a00fe4bccaa021549e02af20ec8,kickflip,skater_01,synthetic_clip_number,cam_1080x1920,2.77,67,24.2,1080,1920,train,test
sbml_kickflip82,skateboardml,data/raw/skateboardml/Kickflip/Kickflip82.mov,d88067d03dd7e04288ccd70f083e453283bb12512d4d82a033ff4df5abeec3c2,kickflip,skater_02,synthetic_clip_number,cam_1080x1920,2.89,75,25.9,1080,1920,train,train
sbml_kickflip83,skateboardml,data/raw/skateboardml/Kickflip/Kickflip83.mov,e902f13ac23ef97f17bd885023f5729279e72b8be4f08b8beb31542da3ed16ec,kickflip,skater_03,synthetic_clip_number,cam_1080x1920,1.2,33,27.5,1080,1920,test,train
sbml_kickflip84,skateboardml,data/raw/skateboardml/Kickflip/Kickflip84.mov,1ac8a2263405e91476b2e90d4bdbf06770bf3e9c389dad4de0367607486a4a2b,kickflip,skater_04,synthetic_clip_number,cam_1080x1920,1.98,53,26.8,1080,1920,test,train
sbml_kickflip85,skateboardml,data/raw/skateboardml/Kickflip/Kickflip85.mov,8aa579e4afa17c30af7b98d4efb0ddcf72d510ea3eecc27de3307fd4c17f29e7,kickflip,skater_05,synthetic_clip_number,cam_1080x1920,2.63,69,26.2,1080,1920,test,train
sbml_kickflip86,skateboardml,data/raw/skateboardml/Kickflip/Kickflip86.mov,a6712b2f073e7a03fa9d264758ee6452efc80d2f53eb3f6cd13419c0bec325e3,kickflip,skater_06,synthetic_clip_number,cam_1080x1920,1.7,43,25.3,1080,1920,train,train
sbml_kickflip87,skateboardml,data/raw/skateboardml/Kickflip/Kickflip87.mov,b730e062cacafff124cee4b28fd7c8379d9d4ac2d40fbeb43c4cd4baf9fb5293,kickflip,skater_07,synthetic_clip_number,cam_1080x1920,1.3,35,26.9,1080,1920,train,train
sbml_kickflip88,skateboardml,data/raw/skateboardml/Kickflip/Kickflip88.mov,33649b371f5ff843a5d64560cdbbde49db6756d3ea39b236bfdde3b58bb3ae19,kickflip,skater_00,synthetic_clip_number,cam_1080x1920,1.87,52,27.8,1080,1920,train,test
sbml_kickflip89,skateboardml,data/raw/skateboardml/Kickflip/Kickflip89.mov,172ae11367ba92ce3f55126875ce2d03bdf39e79ce9428fb75bd978f0b851574,kickflip,skater_01,synthetic_clip_number,cam_1080x1920,3.17,78,24.6,1080,1920,train,test
sbml_kickflip9,skateboardml,data/raw/skateboardml/Kickflip/Kickflip9.mov,f22622c9fe54dfcfe4b4f6180e1b827372037c7b347c5fdc8a64f1dc7f8a3a09,kickflip,skater_01,synthetic_clip_number,cam_1920x1080,2.37,68,28.7,1920,1080,train,test
sbml_kickflip90,skateboardml,data/raw/skateboardml/Kickflip/Kickflip90.mov,74afc9c78b38dd51d9fe8592746396d08c76f9abf67667228ffd626d1b2bd93d,kickflip,skater_02,synthetic_clip_number,cam_1080x1920,1.4,37,26.4,1080,1920,train,train
sbml_kickflip91,skateboardml,data/raw/skateboardml/Kickflip/Kickflip91.mov,dc9358f3f1db78018d094addf36a7a4e0e98d4ba57ed21bf990d7c7309b508b5,kickflip,skater_03,synthetic_clip_number,cam_1080x1920,1.47,38,25.9,1080,1920,test,train
sbml_kickflip92,skateboardml,data/raw/skateboardml/Kickflip/Kickflip92.mov,a56ce7705b82ff380a85ab5039861a423342a969bcd8778c6315d016a3dfc908,kickflip,skater_04,synthetic_clip_number,cam_1080x1920,2.23,62,27.7,1080,1920,train,train
sbml_kickflip93,skateboardml,data/raw/skateboardml/Kickflip/Kickflip93.mov,142a9eece7d02cb27476a69e1cff0b6bec125dab3be650836e0252efc04fc9d7,kickflip,skater_05,synthetic_clip_number,cam_1080x1920,2.63,65,24.7,1080,1920,train,train
sbml_kickflip94,skateboardml,data/raw/skateboardml/Kickflip/Kickflip94.mov,c7c53d5edde07565033ef706ed048ec2bd315adb6d2cf13ef37a6db861cfe7cd,kickflip,skater_06,synthetic_clip_number,cam_1080x1920,1.87,47,25.2,1080,1920,train,train
sbml_kickflip95,skateboardml,data/raw/skateboardml/Kickflip/Kickflip95.mov,99d9ff6f598a0d360763050d87d6e70d5770bdccc76a45b4db8ec0173c4e334f,kickflip,skater_07,synthetic_clip_number,cam_1080x1920,2.64,68,25.8,1080,1920,test,train
sbml_kickflip96,skateboardml,data/raw/skateboardml/Kickflip/Kickflip96.mov,1104a4095d764ef48d18a500050a5303fc0f8ede1b5c511b3898c77de8a0b2a3,kickflip,skater_00,synthetic_clip_number,cam_1080x1920,1.56,39,25.0,1080,1920,test,test
sbml_kickflip97,skateboardml,data/raw/skateboardml/Kickflip/Kickflip97.mov,1580ff94fb0384dff8bbf7be2c63e8ff3e573a04d457ee8f25749176405670d4,kickflip,skater_01,synthetic_clip_number,cam_1080x1920,2.13,50,23.4,1080,1920,train,test
sbml_kickflip98,skateboardml,data/raw/skateboardml/Kickflip/Kickflip98.mov,1026ac33d6d1dc0f51a2121139968082989134c394dc7f8424be74300523c70b,kickflip,skater_02,synthetic_clip_number,cam_1080x1920,2.52,59,23.4,1080,1920,train,train
sbml_kickflip99,skateboardml,data/raw/skateboardml/Kickflip/Kickflip99.mov,b27fd0a96eead65467eb7200106b504b20685267d023e9506f8d6e1a160e51cc,kickflip,skater_03,synthetic_clip_number,cam_1080x1920,1.57,44,28.1,1080,1920,train,train
sbml_ollie0,skateboardml,data/raw/skateboardml/Ollie/Ollie0.mov,bf07fe8d2f259f1c1bf929f41bdfe7d18ecac31c0c21fc67105d20e5515ff6ed,ollie,skater_00,synthetic_clip_number,cam_1280x720,6.4,153,23.9,1280,720,train,test
sbml_ollie1,skateboardml,data/raw/skateboardml/Ollie/Ollie1.mov,0f986058ec1a0e55569267fee4d8055013b8171585955ff079c3dade10c21b3c,ollie,skater_01,synthetic_clip_number,cam_1280x720,6.75,162,24.0,1280,720,train,test
sbml_ollie10,skateboardml,data/raw/skateboardml/Ollie/Ollie10.mov,1bb59feec6b09d3b681011480c562567393dc786fea948109d9e0d7eeb5e39ac,ollie,skater_02,synthetic_clip_number,cam_1920x1080,1.28,35,27.3,1920,1080,train,train
sbml_ollie100,skateboardml,data/raw/skateboardml/Ollie/Ollie100.mov,c2809248aac2536f4fcc8500cb9704a2bc46651239e25264cf93a6ed6ffdc5c4,ollie,skater_04,synthetic_clip_number,cam_1080x1920,2.5,75,30.0,1080,1920,train,train
sbml_ollie101,skateboardml,data/raw/skateboardml/Ollie/Ollie101.mov,44a44825d30132dd830203e9725acdd51dbfd91cbb8a464653139af83cac0554,ollie,skater_05,synthetic_clip_number,cam_1080x1920,4.47,134,30.0,1080,1920,train,train
sbml_ollie102,skateboardml,data/raw/skateboardml/Ollie/Ollie102.mov,50ff150b085dcd60309027b21478fcd9369f26704c6b7dbd5e1e7fe1897450b3,ollie,skater_06,synthetic_clip_number,cam_1080x1920,2.54,77,30.3,1080,1920,train,train
sbml_ollie103,skateboardml,data/raw/skateboardml/Ollie/Ollie103.mov,39f2b7e0846eab1671adcc8dab3761fc8313b5ce1602ec1d070ae8d304eb0f42,ollie,skater_07,synthetic_clip_number,cam_1080x1920,2.54,76,30.0,1080,1920,test,train
sbml_ollie104,skateboardml,data/raw/skateboardml/Ollie/Ollie104.mov,db8f9a0e579c6a89ba0e75aaa4a975187971c8d09d74a312ab1f33f3022fe83d,ollie,skater_00,synthetic_clip_number,cam_1080x1920,2.16,65,30.2,1080,1920,train,test
sbml_ollie105,skateboardml,data/raw/skateboardml/Ollie/Ollie105.mov,b5f1621717cade233cb6c05021c85ea53da6aa4ad1f72aaeac68f53881de477b,ollie,skater_01,synthetic_clip_number,cam_1920x1080,3.42,103,30.1,1920,1080,train,test
sbml_ollie106,skateboardml,data/raw/skateboardml/Ollie/Ollie106.mov,ba1577e9f4a9895d572bba53f0cd367184c69aa08d23fd70f320191c435c14ea,ollie,skater_02,synthetic_clip_number,cam_1920x1080,2.23,67,30.0,1920,1080,train,train
sbml_ollie107,skateboardml,data/raw/skateboardml/Ollie/Ollie107.mov,b4eafa8442d792ad7724b171923800113a5fa46e927d802bc04734ce33e0cf00,ollie,skater_03,synthetic_clip_number,cam_1920x1080,1.63,50,30.7,1920,1080,train,train
sbml_ollie11,skateboardml,data/raw/skateboardml/Ollie/Ollie11.mov,fcfa72c6c088e49a8251071d0aa5fcb3bbb77cfb738005f2146e951174e02bf8,ollie,skater_03,synthetic_clip_number,cam_1280x720,1.92,57,29.8,1280,720,train,train
sbml_ollie12,skateboardml,data/raw/skateboardml/Ollie/Ollie12.mov,f59d43545703a1f559b41f5ed81b6728c168ac0d56c9d8be54fc70756b7ee7b5,ollie,skater_04,synthetic_clip_number,cam_1280x720,1.17,35,29.8,1280,720,test,train
sbml_ollie13,skateboardml,data/raw/skateboardml/Ollie/Ollie13.mov,11fe5460aa89c5fbe02dce71860f51b2e2154a36d234725ecc28242cbfc0fdea,ollie,skater_05,synthetic_clip_number,cam_1280x720,1.8,55,30.5,1280,720,train,train
sbml_ollie14,skateboardml,data/raw/skateboardml/Ollie/Ollie14.mov,dd0cab874fe0852bc7336ec0640819dd256f2b79a01599931e7b03819d0d7c3e,ollie,skater_06,synthetic_clip_number,cam_1280x720,1.44,43,29.9,1280,720,train,train
sbml_ollie15,skateboardml,data/raw/skateboardml/Ollie/Ollie15.mov,36019a3a14290d67975961537e5f78f2bfee66c5e67095f17752867ec4ed41aa,ollie,skater_07,synthetic_clip_number,cam_1280x720,1.33,40,30.0,1280,720,train,train
sbml_ollie16,skateboardml,data/raw/skateboardml/Ollie/Ollie16.mov,bad5971573294aee4d335d561aae2bbd32983e706035e2f3ca714b554cf51d41,ollie,skater_00,synthetic_clip_number,cam_1280x720,5.23,157,30.0,1280,720,train,test
sbml_ollie17,skateboardml,data/raw/skateboardml/Ollie/Ollie17.mov,ebbcfbe40d3dfcc4a89d3aa6dfe3a864bae4480f062f65e6d842f7209ce975a1,ollie,skater_01,synthetic_clip_number,cam_1280x720,3.14,94,30.0,1280,720,test,test
sbml_ollie18,skateboardml,data/raw/skateboardml/Ollie/Ollie18.mov,ce21283ee19ac97007430c1042da2cb94a0c91f0e71a091cd6738a5d812e5e84,ollie,skater_02,synthetic_clip_number,cam_1280x720,2.22,67,30.2,1280,720,train,train
sbml_ollie19,skateboardml,data/raw/skateboardml/Ollie/Ollie19.mov,7607adafe9c23891fcd09460a6246932c763accd75847fcfa9efc49164ef735f,ollie,skater_03,synthetic_clip_number,cam_1280x720,3.72,112,30.1,1280,720,train,train
sbml_ollie2,skateboardml,data/raw/skateboardml/Ollie/Ollie2.mov,394f02d9a06706c9ebd4089fccf6b79b2d6353962fb7d3ba192b3531ef0d7d09,ollie,skater_02,synthetic_clip_number,cam_1280x720,4.88,116,23.8,1280,720,train,train
sbml_ollie20,skateboardml,data/raw/skateboardml/Ollie/Ollie20.mov,61726f95ece8b1d2e54d4a6f15e5a3adbc69f240b103cc0c0a321b6800c96b87,ollie,skater_04,synthetic_clip_number,cam_1280x720,5.24,158,30.1,1280,720,train,train
sbml_ollie21,skateboardml,data/raw/skateboardml/Ollie/Ollie21.mov,8e6027ffb446bd511d74128a0458edf4c9d9bcf5bac31e678dee861c079ec766,ollie,skater_05,synthetic_clip_number,cam_1080x1920,1.68,41,24.4,1080,1920,train,train
sbml_ollie22,skateboardml,data/raw/skateboardml/Ollie/Ollie22.mov,b069ba85487fc253a701c2f42c89b2f94cdec4b57f274416a89f908303b1fd8d,ollie,skater_06,synthetic_clip_number,cam_1920x1080,1.33,34,25.5,1920,1080,train,train
sbml_ollie23,skateboardml,data/raw/skateboardml/Ollie/Ollie23.mov,1d9aae3b8567006f581bc90255566860b99d7a2cbb8894a8d1813b9d8e2b42a4,ollie,skater_07,synthetic_clip_number,cam_1080x1920,1.87,42,22.5,1080,1920,train,train
sbml_ollie24,skateboardml,data/raw/skateboardml/Ollie/Ollie24.mov,4ff59921328aa1d886df0d88f0a1f6c2984f5ce464d8a39a4d17eeddffb166f5,ollie,skater_00,synthetic_clip_number,cam_1270x720,1.46,44,30.2,1270,720,train,test
sbml_ollie25,skateboardml,data/raw/skateboardml/Ollie/Ollie25.mov,a1e90e59063d60bf7636e49f42cd267e4dfc8512ec2e19051d81de9bf957da92,ollie,skater_01,synthetic_clip_number,cam_1920x1080,1.45,39,26.9,1920,1080,train,test
sbml_ollie26,skateboardml,data/raw/skateboardml/Ollie/Ollie26.mov,a33d39880c88a82c85404aa24496255f42e5c10ca12d322fec7ca465276a094b,ollie,skater_02,synthetic_clip_number,cam_1920x1080,1.34,35,26.2,1920,1080,train,train
sbml_ollie27,skateboardml,data/raw/skateboardml/Ollie/Ollie27.mov,1f725f6943167450633197e9df0ed21ddbb3ea80b3fa0fc2a8b46e3277b688d5,ollie,skater_03,synthetic_clip_number,cam_1920x1080,1.33,34,25.5,1920,1080,train,train
sbml_ollie28,skateboardml,data/raw/skateboardml/Ollie/Ollie28.mov,fcfd8fa9419273d37bf6081ff8fe9f91f42593ec3f05e2e9bc68b2c585b0262b,ollie,skater_04,synthetic_clip_number,cam_1920x1080,1.7,40,23.5,1920,1080,train,train
sbml_ollie29,skateboardml,data/raw/skateboardml/Ollie/Ollie29.mov,c9cec134d306fcc69b4444a4c4033d2d1abe6307fd7410d0527bbe082a47703c,ollie,skater_05,synthetic_clip_number,cam_1920x1080,1.2,32,26.7,1920,1080,train,train
sbml_ollie3,skateboardml,data/raw/skateboardml/Ollie/Ollie3.mov,461b018671e9365a16c7231f3734d153a0f3c1eb181d572d8580142306644064,ollie,skater_03,synthetic_clip_number,cam_1280x720,5.87,141,24.0,1280,720,train,train
sbml_ollie30,skateboardml,data/raw/skateboardml/Ollie/Ollie30.mov,cf0c1521f3cbf9376ebf648717e85e1cfe62ffda90a68db0b9df235d974d976c,ollie,skater_06,synthetic_clip_number,cam_1080x1920,1.84,42,22.9,1080,1920,train,train
sbml_ollie31,skateboardml,data/raw/skateboardml/Ollie/Ollie31.mov,86abd9a0790dbbf48cc9656546202c45a23ded1121df3c7f0f61243f6855c725,ollie,skater_07,synthetic_clip_number,cam_1080x1920,1.68,41,24.5,1080,1920,train,train
sbml_ollie32,skateboardml,data/raw/skateboardml/Ollie/Ollie32.mov,0018c9c9c2119c74355d9384cd4b64a57d809d4b61f9ff70d1fac36e40347900,ollie,skater_00,synthetic_clip_number,cam_1920x1080,2.21,49,22.2,1920,1080,train,test
sbml_ollie33,skateboardml,data/raw/skateboardml/Ollie/Ollie33.mov,f712e4f41f081b3bc939833da391dadb8ae7670516f4549d11ab96de9d0757ea,ollie,skater_01,synthetic_clip_number,cam_1080x1920,1.19,33,27.8,1080,1920,train,test
sbml_ollie34,skateboardml,data/raw/skateboardml/Ollie/Ollie34.mov,886703ec38d1c1c79a29af8b2813785fb2e06510ebf512c467ed97d0eee1eb4d,ollie,skater_02,synthetic_clip_number,cam_1920x1080,1.43,36,25.1,1920,1080,train,train
sbml_ollie35,skateboardml,data/raw/skateboardml/Ollie/Ollie35.mov,2683fe39dbc5c9575420200f639a3d6b9d2860effe4b3108ab9bc6e6f7f33f2b,ollie,skater_03,synthetic_clip_number,cam_1920x1080,1.67,41,24.6,1920,1080,test,train
sbml_ollie36,skateboardml,data/raw/skateboardml/Ollie/Ollie36.mov,3ee195b06929539544a833b967976a5ff42f41d4ab0bc83d19ec5b7fef126a6f,ollie,skater_04,synthetic_clip_number,cam_1920x1080,2.03,46,22.6,1920,1080,train,train
sbml_ollie37,skateboardml,data/raw/skateboardml/Ollie/Ollie37.mov,17096da18e23b8691b5369462e98c1336374529917172397bc0c9158130b28a1,ollie,skater_05,synthetic_clip_number,cam_1920x1080,1.99,45,22.6,1920,1080,test,train
sbml_ollie38,skateboardml,data/raw/skateboardml/Ollie/Ollie38.mov,54f7d625ca0981c21f8eb7df80bd4082471ad8f9c5dca58c11918c399775cf7b,ollie,skater_06,synthetic_clip_number,cam_1080x1920,1.2,32,26.7,1080,1920,train,train
sbml_ollie39,skateboardml,data/raw/skateboardml/Ollie/Ollie39.mov,cfe795e6784a883464c0091691f40a21eae3b95b6f9872275dbff6ec50ce5561,ollie,skater_07,synthetic_clip_number,cam_1080x1920,1.86,43,23.1,1080,1920,test,train
sbml_ollie4,skateboardml,data/raw/skateboardml/Ollie/Ollie4.mov,16ad006057c1fd116cc673ddbb8eae39fff4134dcc6ab2ca68612d288932c14b,ollie,skater_04,synthetic_clip_number,cam_1280x720,1.47,44,29.9,1280,720,train,train
sbml_ollie40,skateboardml,data/raw/skateboardml/Ollie/Ollie40.mov,e036daeb749158fda4321b0b3934698b2a4b93f043815d411d785cc2cdfd47db,ollie,skater_00,synthetic_clip_number,cam_1920x1080,1.43,37,25.9,1920,1080,train,test
sbml_ollie41,skateboardml,data/raw/skateboardml/Ollie/Ollie41.mov,820fd884897a45ee18d710cbe7f2f14c1119510f294b9e692b8f8ea377c6d70a,ollie,skater_01,synthetic_clip_number,cam_1080x1920,1.18,33,28.1,1080,1920,train,test
sbml_ollie42,skateboardml,data/raw/skateboardml/Ollie/Ollie42.mov,ea242eb3872ff3dd5a78c3aec958f6063cae8f318516b44c9e576d96bcb2d1bf,ollie,skater_02,synthetic_clip_number,cam_1920x1080,2.1,46,21.9,1920,1080,train,train
sbml_ollie43,skateboardml,data/raw/skateboardml/Ollie/Ollie43.mov,8b8f4a09826ecc58c03d03079a1f147206e9930f0a692a38324f20964432576e,ollie,skater_03,synthetic_clip_number,cam_1080x1920,1.97,44,22.3,1080,1920,train,train
sbml_ollie44,skateboardml,data/raw/skateboardml/Ollie/Ollie44.mov,56d42784b50c840b0ef43acf924de088e028ee1fd5d00b478c7784527e2319b6,ollie,skater_04,synthetic_clip_number,cam_1080x1920,1.34,34,25.5,1080,1920,train,train
sbml_ollie45,skateboardml,data/raw/skateboardml/Ollie/Ollie45.mov,d5f30f2af02836067a1662453a8b4c3c4a8a0a601562826e577592572ab8d465,ollie,skater_05,synthetic_clip_number,cam_1920x1080,1.84,42,22.9,1920,1080,train,train
sbml_ollie46,skateboardml,data/raw/skateboardml/Ollie/Ollie46.mov,072e76164b03a80ab2257d301d413bfa4223c882ba37eb8a4e268b40b76f32ab,ollie,skater_06,synthetic_clip_number,cam_1080x1920,1.85,43,23.2,1080,1920,train,train
sbml_ollie47,skateboardml,data/raw/skateboardml/Ollie/Ollie47.mov,e2c52b2481b118359f9c871a0b012183d33c79fe639879676531b142bfaaf590,ollie,skater_07,synthetic_clip_number,cam_1920x1080,1.8,43,23.8,1920,1080,train,train
sbml_ollie48,skateboardml,data/raw/skateboardml/Ollie/Ollie48.mov,dffefaf8918368ddd07df4a9547882dd8f66e6686005801ea24e9e82695a3bff,ollie,skater_00,synthetic_clip_number,cam_1080x1920,2.1,46,21.9,1080,1920,train,test
sbml_ollie49,skateboardml,data/raw/skateboardml/Ollie/Ollie49.mov,3249a2caa197f447a7f643ed05da04b1918c7ab213f9ed37c508b186961f1e57,ollie,skater_01,synthetic_clip_number,cam_1920x1080,1.87,47,25.2,1920,1080,train,test
sbml_ollie5,skateboardml,data/raw/skateboardml/Ollie/Ollie5.mov,40d721319f311c474695420b08b157ae404fa9b97fa52e30f650b7d6b5b7d0bc,ollie,skater_05,synthetic_clip_number,cam_1280x720,1.47,43,29.3,1280,720,train,train
sbml_ollie50,skateboardml,data/raw/skateboardml/Ollie/Ollie50.mov,3ccc4c981ae9f1a22a3e2dbab0db993bd68355e91fe4518170df1194a8c316be,ollie,skater_02,synthetic_clip_number,cam_1920x1080,1.47,39,26.5,1920,1080,train,train
sbml_ollie51,skateboardml,data/raw/skateboardml/Ollie/Ollie51.mov,0aed8f02af42c9e34c5033799ab78f7196cfa7ac983e13d82328ca4620a53b3d,ollie,skater_03,synthetic_clip_number,cam_1920x1080,1.44,37,25.8,1920,1080,test,train
sbml_ollie52,skateboardml,data/raw/skateboardml/Ollie/Ollie52.mov,3deda60aa398655c59e0675a0ac4024d7245fcee6c8d00e10bc436231a02dd20,ollie,skater_04,synthetic_clip_number,cam_1080x1920,1.44,37,25.6,1080,1920,train,train
sbml_ollie53,skateboardml,data/raw/skateboardml/Ollie/Ollie53.mov,163dcae751c9e64812d606a8286c1d0a913bf2803e233c7ba0be6301f7c618d2,ollie,skater_05,synthetic_clip_number,cam_1920x1080,1.86,43,23.2,1920,1080,test,train
sbml_ollie54,skateboardml,data/raw/skateboardml/Ollie/Ollie54.mov,ae016e8d832e0913f2ce032dadd1daa1cf9c70abe25f817c827b9bda2c6d473a,ollie,skater_06,synthetic_clip_number,cam_1920x1080,1.18,33,28.0,1920,1080,train,train
sbml_ollie55,skateboardml,data/raw/skateboardml/Ollie/Ollie55.mov,6a6d95910caa79b8f28049b82c8b80eb1e56cd4f13250aa69ffd28bdd3410675,ollie,skater_07,synthetic_clip_number,cam_1080x1920,2.03,46,22.6,1080,1920,train,train
sbml_ollie56,skateboardml,data/raw/skateboardml/Ollie/Ollie56.mov,7c6704545757c1deecbb1cca5355037a23947a8c405a9b72bbf57acf568d8bf1,ollie,skater_00,synthetic_clip_number,cam_1080x1920,1.95,45,23.1,1080,1920,train,test
sbml_ollie57,skateboardml,data/raw/skateboardml/Ollie/Ollie57.mov,9ea28bdf1de0c302b49af8545e838799eac64504211602a043c03872d7ebd36a,ollie,skater_01,synthetic_clip_number,cam_1080x1920,2.14,46,21.5,1080,1920,train,test
sbml_ollie58,skateboardml,data/raw/skateboardml/Ollie/Ollie58.mov,26374875e831936a48ea8ea8c5fa831af16723fc38f2460568a1fa8c1bfa70e1,ollie,skater_02,synthetic_clip_number,cam_1920x1080,1.98,45,22.8,1920,1080,train,train
sbml_ollie59,skateboardml,data/raw/skateboardml/Ollie/Ollie59.mov,3905e62d166e851fedcf17d1ee17aacfb80d81c7f1b266e7df1ad6fe734c9eff,ollie,skater_03,synthetic_clip_number,cam_1920x1080,2.09,50,23.9,1920,1080,test,train
sbml_ollie6,skateboardml,data/raw/skateboardml/Ollie/Ollie6.mov,a12149dbbfa4c7bff968e4d14c7e8588f0c996fb3cf4f15bfd7714a15edccf33,ollie,skater_06,synthetic_clip_number,cam_1280x720,1.97,59,29.9,1280,720,train,train
sbml_ollie60,skateboardml,data/raw/skateboardml/Ollie/Ollie60.mov,e8905a5eb67dd5db1e50d7b1e5da21f1fcc4853fd4e9d4de59bb1de7fbfb3b32,ollie,skater_04,synthetic_clip_number,cam_1920x1080,2.63,63,23.9,1920,1080,train,train
sbml_ollie61,skateboardml,data/raw/skateboardml/Ollie/Ollie61.mov,47eebfdb2efba22db9ecd97b50128d2e51812219bc1e8bf8eca17a20d6bc4002,ollie,skater_05,synthetic_clip_number,cam_1920x1080,1.17,32,27.4,1920,1080,train,train
sbml_ollie62,skateboardml,data/raw/skateboardml/Ollie/Ollie62.mov,c008c14c35c1b8697b245c34e7ff943dadedfdf73119dcf5f5e7a3b5f8955905,ollie,skater_06,synthetic_clip_number,cam_1920x1080,1.43,40,27.9,1920,1080,train,train
sbml_ollie63,skateboardml,data/raw/skateboardml/Ollie/Ollie63.mov,ca227787c17b93bf936e040d7890695a9e432250923adea5e19e2954c6b24134,ollie,skater_07,synthetic_clip_number,cam_1920x1080,1.24,38,30.6,1920,1080,train,train
sbml_ollie64,skateboardml,data/raw/skateboardml/Ollie/Ollie64.mov,5367e2dc17d933542ed19642679a6de913fbaa6c0d386328bb6769ee1220e672,ollie,skater_00,synthetic_clip_number,cam_1920x1080,1.0,30,30.0,1920,1080,train,test
sbml_ollie65,skateboardml,data/raw/skateboardml/Ollie/Ollie65.mov,f6f26030ecf7afdaaf9690caa3e09ce37f34c6acbc05a7114b31ad41f05e6221,ollie,skater_01,synthetic_clip_number,cam_1920x1080,2.12,64,30.2,1920,1080,train,test
sbml_ollie66,skateboardml,data/raw/skateboardml/Ollie/Ollie66.mov,65fece8d68ed1869050c2074c095f6819eac4f4ac9b559984e6fe310dc8d34b3,ollie,skater_02,synthetic_clip_number,cam_1920x1080,2.67,80,30.0,1920,1080,test,train
sbml_ollie67,skateboardml,data/raw/skateboardml/Ollie/Ollie67.mov,521b5e5ba5268e4090a9790d7e1dd8c4d720e598483e13d0cf379edb2b1a55d4,ollie,skater_03,synthetic_clip_number,cam_1920x1080,1.79,54,30.2,1920,1080,test,train
sbml_ollie68,skateboardml,data/raw/skateboardml/Ollie/Ollie68.mov,3fef2a1d0ec906a71bd60d0a1677f1865fbe1498e93d7c041058842177c5a908,ollie,skater_04,synthetic_clip_number,cam_1920x1080,1.77,54,30.5,1920,1080,train,train
sbml_ollie69,skateboardml,data/raw/skateboardml/Ollie/Ollie69.mov,43c91449306b7339540c9fbef024abbd453a5a8236f72f623a14dd44fa6037c3,ollie,skater_05,synthetic_clip_number,cam_1920x1080,1.58,48,30.4,1920,1080,train,train
sbml_ollie7,skateboardml,data/raw/skateboardml/Ollie/Ollie7.mov,b6f011218d76dd08a04d7e15fbbfb369e8ba33e1178f4ba056fdacc8e917d40d,ollie,skater_07,synthetic_clip_number,cam_1280x720,1.3,38,29.3,1280,720,train,train
sbml_ollie70,skateboardml,data/raw/skateboardml/Ollie/Ollie70.mov,ff7c7d44c20e9304e36bd2d0a093ba738a704310292b68db062ebd7460f209b0,ollie,skater_06,synthetic_clip_number,cam_1920x1080,2.33,70,30.0,1920,1080,train,train
sbml_ollie71,skateboardml,data/raw/skateboardml/Ollie/Ollie71.mov,44eb46e00db6ec1c50350fdc6969bd41da2bd43cb44649de277b179ae3c6609c,ollie,skater_07,synthetic_clip_number,cam_1920x1080,1.78,54,30.3,1920,1080,test,train
sbml_ollie72,skateboardml,data/raw/skateboardml/Ollie/Ollie72.mov,923082f8da6e62660cb83892fe66fb8b41f0d52c643e34604e8d0358c6de06ec,ollie,skater_00,synthetic_clip_number,cam_1920x1080,2.28,69,30.3,1920,1080,train,test
sbml_ollie73,skateboardml,data/raw/skateboardml/Ollie/Ollie73.mov,50f37da74bcb66029d7dabf303f049a74353ef23b449bdcecdabf92504201c7c,ollie,skater_01,synthetic_clip_number,cam_1920x1080,1.47,44,30.0,1920,1080,train,test
sbml_ollie74,skateboardml,data/raw/skateboardml/Ollie/Ollie74.mov,439300a739e5211b8aa363f5e2b91ec955f13571acc0cafce5d250240e3f43bd,ollie,skater_02,synthetic_clip_number,cam_1920x1080,1.29,39,30.3,1920,1080,train,train
sbml_ollie75,skateboardml,data/raw/skateboardml/Ollie/Ollie75.mov,7004dc8cb30c7b5b779eb26a7acf60f7bbfc98f3dab9bbfc4bf6005fb0c1ce39,ollie,skater_03,synthetic_clip_number,cam_1920x1080,1.37,41,30.0,1920,1080,train,train
sbml_ollie76,skateboardml,data/raw/skateboardml/Ollie/Ollie76.mov,cb1320698acc5446f30577ceddabfdffc3e3c57a54e184f0636368d747a22e59,ollie,skater_04,synthetic_clip_number,cam_1920x1080,1.82,55,30.2,1920,1080,train,train
sbml_ollie77,skateboardml,data/raw/skateboardml/Ollie/Ollie77.mov,02a7b454540114836250412a167a82f374fd37441f2082e92dc16f220a470d3a,ollie,skater_05,synthetic_clip_number,cam_1920x1080,2.42,73,30.1,1920,1080,train,train
sbml_ollie78,skateboardml,data/raw/skateboardml/Ollie/Ollie78.mov,6efd207a255641e719ff388a9f36dfab5ee1b60728f0557cc60c1c96452bcdc5,ollie,skater_06,synthetic_clip_number,cam_1920x1080,2.33,70,30.1,1920,1080,train,train
sbml_ollie79,skateboardml,data/raw/skateboardml/Ollie/Ollie79.mov,69a00cd3280fcd44c538bed8c58aa57988f8501b45f217c517db6d4f1f02a0c5,ollie,skater_07,synthetic_clip_number,cam_1920x1080,2.63,79,30.0,1920,1080,train,train
sbml_ollie8,skateboardml,data/raw/skateboardml/Ollie/Ollie8.mov,b0d41f50897c8a0620b528304fd10b3941d86a62f66809f16d4841f80f4cb635,ollie,skater_00,synthetic_clip_number,cam_1280x720,6.03,181,30.0,1280,720,train,test
sbml_ollie80,skateboardml,data/raw/skateboardml/Ollie/Ollie80.mov,92d2d23363f2dc5b4fde9edf5c55e82bbc63fbda7b188b38829f783d01074e82,ollie,skater_00,synthetic_clip_number,cam_1920x1080,1.89,57,30.1,1920,1080,train,test
sbml_ollie81,skateboardml,data/raw/skateboardml/Ollie/Ollie81.mov,10e3e60f6ffb00184887b6c346054890ecf6e7377ce9d0b53ec9a3444609c9ab,ollie,skater_01,synthetic_clip_number,cam_1920x1080,2.27,68,30.0,1920,1080,test,test
sbml_ollie82,skateboardml,data/raw/skateboardml/Ollie/Ollie82.mov,82bce1fc8e785eed0bd197e57b40a28bdb6d509bf1192273f40ed5c7ec0342f4,ollie,skater_02,synthetic_clip_number,cam_1920x1080,2.94,88,30.0,1920,1080,train,train
sbml_ollie83,skateboardml,data/raw/skateboardml/Ollie/Ollie83.mov,afbaf6e4dbce7bcf8353f7db5c3a2a25b2870e76c73e257b061a785f99a59115,ollie,skater_03,synthetic_clip_number,cam_1920x1080,1.01,31,30.6,1920,1080,train,train
sbml_ollie84,skateboardml,data/raw/skateboardml/Ollie/Ollie84.mov,b840b8770369042451f827182524e93d6931d160fc5315ced1ea8e8ed9533ba5,ollie,skater_04,synthetic_clip_number,cam_1920x1080,1.51,46,30.4,1920,1080,test,train
sbml_ollie85,skateboardml,data/raw/skateboardml/Ollie/Ollie85.mov,3d431badec6327aa7e95348ab00b91ca83abc205785ad102c82c8d1099c0f36d,ollie,skater_05,synthetic_clip_number,cam_1920x1080,1.0,31,31.0,1920,1080,test,train
sbml_ollie86,skateboardml,data/raw/skateboardml/Ollie/Ollie86.mov,3eddfda06cd7f7f591841dde127bbcfc8e834b76bd3cb2442562fefb2d4ac820,ollie,skater_06,synthetic_clip_number,cam_1920x1080,2.5,76,30.3,1920,1080,train,train
sbml_ollie87,skateboardml,data/raw/skateboardml/Ollie/Ollie87.mov,d1648bf2e27a3daa0dd72283d11c73a949a592a613478f6a521e785479984fb7,ollie,skater_07,synthetic_clip_number,cam_1920x1080,1.0,31,31.0,1920,1080,train,train
sbml_ollie88,skateboardml,data/raw/skateboardml/Ollie/Ollie88.mov,0571f4d725c5ad9ff3bde54ef2b4840429aba527b5ac05020da49707d0cc5633,ollie,skater_00,synthetic_clip_number,cam_1920x1080,1.04,32,30.6,1920,1080,train,test
sbml_ollie89,skateboardml,data/raw/skateboardml/Ollie/Ollie89.mov,9ff04804b22bfc829c32b1d86ef1c9d1372223e89c76d268818a636a594008d1,ollie,skater_01,synthetic_clip_number,cam_1920x1080,1.0,31,31.0,1920,1080,train,test
sbml_ollie9,skateboardml,data/raw/skateboardml/Ollie/Ollie9.mov,21f3478ad4b8bb8e10ccf64bca1ca5b1017cb6f660110b876894c2b3abea34b2,ollie,skater_01,synthetic_clip_number,cam_1280x720,1.14,34,29.8,1280,720,train,test
sbml_ollie90,skateboardml,data/raw/skateboardml/Ollie/Ollie90.mov,d3edc17193fba1057301bb6ab2e0490245822e6ac89e4531bbf9bc4a006a4ab1,ollie,skater_02,synthetic_clip_number,cam_1920x1080,1.71,52,30.4,1920,1080,train,train
sbml_ollie91,skateboardml,data/raw/skateboardml/Ollie/Ollie91.mov,0b747b6a930acd39ee9868a39705c9a74c65056f23a2bacb536f82dd7d771f8c,ollie,skater_03,synthetic_clip_number,cam_1920x1080,2.23,67,30.0,1920,1080,train,train
sbml_ollie92,skateboardml,data/raw/skateboardml/Ollie/Ollie92.mov,d461fb4f5577759267f8f3c987cddd48eac72124d29f95455177ad4327f9b680,ollie,skater_04,synthetic_clip_number,cam_1920x1080,1.34,41,30.6,1920,1080,train,train
sbml_ollie93,skateboardml,data/raw/skateboardml/Ollie/Ollie93.mov,d4358687fe907db61aa6f26a2d8ac006d82f68c777426e97ffce052d85950b4c,ollie,skater_05,synthetic_clip_number,cam_1920x1080,1.51,46,30.4,1920,1080,train,train
sbml_ollie94,skateboardml,data/raw/skateboardml/Ollie/Ollie94.mov,f5ac26b7c059517c3fb72f9358b3bbe4f657f08692e1314e03c43112d1ab46bb,ollie,skater_06,synthetic_clip_number,cam_1920x1080,2.1,63,30.0,1920,1080,train,train
sbml_ollie95,skateboardml,data/raw/skateboardml/Ollie/Ollie95.mov,e7aa77967b620636ae866cab256844158744f1438defdcf14498cf49b382fa68,ollie,skater_07,synthetic_clip_number,cam_1920x1080,1.74,53,30.5,1920,1080,train,train
sbml_ollie96,skateboardml,data/raw/skateboardml/Ollie/Ollie96.mov,5da305537afe81652a6a1fa591a011beacbd0c5411f693f78e7ebc1a198fe0b5,ollie,skater_00,synthetic_clip_number,cam_1920x1080,1.23,38,30.9,1920,1080,train,test
sbml_ollie97,skateboardml,data/raw/skateboardml/Ollie/Ollie97.mov,e26023d3e141eafd34c2787537c5281b42a9bfd60d967d0b2501009beef5a16a,ollie,skater_01,synthetic_clip_number,cam_1920x1080,3.19,96,30.0,1920,1080,train,test
sbml_ollie98,skateboardml,data/raw/skateboardml/Ollie/Ollie98.mov,e50709eb211520c69b936fe55d9a44002b32e4d6a703f14cc1d60a3c08664d8e,ollie,skater_02,synthetic_clip_number,cam_1920x1080,1.99,61,30.6,1920,1080,train,train
sbml_ollie99,skateboardml,data/raw/skateboardml/Ollie/Ollie99.mov,faec38238b3d7e30c724bb9ac8c873434e4f3074b75cb84f03a331edbf3c8ea4,ollie,skater_03,synthetic_clip_number,cam_1080x1920,3.24,97,30.0,1080,1920,train,train
