clip_id,label,flip,flip_type,board_spin,expected_sign,measured_sweep,angle_coverage
skateai_batb_11__championship_battle_luan_oliveira_vs_chris_joslin_00001,tre_flip,1,kickflip,2,1,-360.0,0.9333333333333333
skateai_batb_11__championship_battle_luan_oliveira_vs_chris_joslin_00002,tre_flip,1,kickflip,2,1,0.0,0.43333333333333335
skateai_batb_11__championship_battle_luan_oliveira_vs_chris_joslin_00003,kickflip,1,kickflip,0,1,0.0,0.7
skateai_batb_11__championship_battle_luan_oliveira_vs_chris_joslin_00004,kickflip,1,kickflip,0,1,0.0,0.8833333333333333
skateai_batb_11__championship_battle_luan_oliveira_vs_chris_joslin_00005,kickflip,1,kickflip,0,1,0.0,0.7333333333333333
skateai_batb_11__championship_battle_luan_oliveira_vs_chris_joslin_00009,heelflip,1,heelflip,0,-1,0.0,0.6833333333333333
skateai_batb_11__championship_battle_luan_oliveira_vs_chris_joslin_00010,heelflip,1,heelflip,0,-1,0.0,0.7333333333333333
skateai_batb_11__championship_battle_luan_oliveira_vs_chris_joslin_00011,heelflip,1,heelflip,0,-1,0.0,0.5833333333333334
skateai_batb_11__championship_battle_luan_oliveira_vs_chris_joslin_00017,bs_bigspin,0,none,2,0,0.0,0.7
skateai_batb_11__championship_battle_luan_oliveira_vs_chris_joslin_00018,bs_bigspin,0,none,2,0,180.0,0.8666666666666667
skateai_batb_11__championship_battle_luan_oliveira_vs_chris_joslin_00019,varial_heelflip,1,heelflip,1,-1,0.0,0.5833333333333334
skateai_batb_11__championship_battle_luan_oliveira_vs_chris_joslin_00020,varial_heelflip,1,heelflip,1,-1,0.0,0.55
skateai_batb_11__championship_battle_luan_oliveira_vs_chris_joslin_00021,tre_flip,1,kickflip,2,1,0.0,0.7666666666666667
skateai_batb_11__championship_battle_luan_oliveira_vs_chris_joslin_00023,bs_bigspin_kickflip,1,kickflip,2,1,0.0,0.6
skateai_batb_11__championship_battle_luan_oliveira_vs_chris_joslin_00024,bs_bigspin_kickflip,1,kickflip,2,1,0.0,0.7833333333333333
skateai_batb_11__championship_battle_luan_oliveira_vs_chris_joslin_00025,bs_180_heelflip,1,heelflip,1,-1,0.0,0.8
skateai_batb_11__championship_battle_luan_oliveira_vs_chris_joslin_00026,bs_180_heelflip,1,heelflip,1,-1,0.0,0.8166666666666667
skateai_batb_11__championship_battle_luan_oliveira_vs_chris_joslin_00027,bs_180_heelflip,1,heelflip,1,-1,0.0,0.6833333333333333
skateai_batb_11__championship_battle_luan_oliveira_vs_chris_joslin_00029,bs_180_kickflip,1,kickflip,1,1,0.0,0.65
skateai_batb_11__championship_battle_luan_oliveira_vs_chris_joslin_00030,bs_180_kickflip,1,kickflip,1,1,0.0,0.8333333333333334
skateai_batb_11__championship_battle_luan_oliveira_vs_chris_joslin_00031,fs_180_heelflip,1,heelflip,1,-1,180.0,0.7833333333333333
skateai_batb_11__championship_battle_luan_oliveira_vs_chris_joslin_00032,fs_180_heelflip,1,heelflip,1,-1,-180.0,0.7166666666666667
skateai_batb_11__championship_battle_luan_oliveira_vs_chris_joslin_00033,fs_bigspin,0,none,2,0,0.0,0.6833333333333333
skateai_batb_11__championship_battle_luan_oliveira_vs_chris_joslin_00034,fs_bigspin,0,none,2,0,0.0,0.8666666666666667
skateai_batb_11__championship_battle_luan_oliveira_vs_chris_joslin_00035,fs_180_heelflip,1,heelflip,1,-1,-180.0,0.6166666666666667
skateai_batb_11__championship_battle_luan_oliveira_vs_chris_joslin_00039,bs_bigspin,0,none,2,0,0.0,0.43333333333333335
skateai_batb_11__championship_battle_luan_oliveira_vs_chris_joslin_00040,hardflip,1,kickflip,1,1,0.0,0.4
skateai_batb_11__championship_battle_luan_oliveira_vs_chris_joslin_00043,bs_bigspin_kickflip,1,kickflip,2,1,180.0,0.8166666666666667
skateai_batb_11__championship_battle_luan_oliveira_vs_chris_joslin_00045,bs_180_kickflip,1,kickflip,1,1,0.0,0.7333333333333333
skateai_batb_11__championship_battle_luan_oliveira_vs_chris_joslin_00047,inward_heelflip,1,heelflip,1,-1,0.0,0.65
skateai_batb_11__championship_battle_luan_oliveira_vs_chris_joslin_00048,inward_heelflip,1,heelflip,1,-1,-180.0,0.8333333333333334
skateai_batb_11__championship_battle_luan_oliveira_vs_chris_joslin_00049,inward_heelflip,1,heelflip,1,-1,0.0,0.38333333333333336
skateai_batb_11__championship_battle_luan_oliveira_vs_chris_joslin_00050,hardflip,1,kickflip,1,1,180.0,0.6
skateai_batb_11__championship_battle_luan_oliveira_vs_chris_joslin_00051,hardflip,1,kickflip,1,1,0.0,0.65
skateai_batb_11__championship_battle_luan_oliveira_vs_chris_joslin_00052,fs_360,0,none,2,0,0.0,0.7333333333333333
skateai_batb_11__championship_battle_luan_oliveira_vs_chris_joslin_00053,fs_360,0,none,2,0,0.0,0.5833333333333334
skateai_batb_11__championship_battle_luan_oliveira_vs_chris_joslin_00054,fs_180_kickflip,1,kickflip,1,1,0.0,0.6166666666666667
skateai_batb_11__championship_battle_luan_oliveira_vs_chris_joslin_00055,fs_180_kickflip,1,kickflip,1,1,0.0,0.6333333333333333
skateai_batb_11__championship_battle_luan_oliveira_vs_chris_joslin_00056,fs_180_kickflip,1,kickflip,1,1,0.0,0.6666666666666666
skateai_batb_11__championship_battle_luan_oliveira_vs_chris_joslin_00058,bs_360_shuvit,0,none,2,0,-180.0,0.7
skateai_batb_11__championship_battle_luan_oliveira_vs_chris_joslin_00059,bs_360_shuvit,0,none,2,0,0.0,0.38333333333333336
skateai_batb_11__championship_battle_luan_oliveira_vs_chris_joslin_00060,double_kickflip,2,kickflip,0,1,0.0,0.6333333333333333
skateai_batb_11__championship_battle_luan_oliveira_vs_chris_joslin_00061,bs_biggerspin_kickflip,1,kickflip,3,1,0.0,0.6666666666666666
skateai_batb_11__championship_battle_luan_oliveira_vs_chris_joslin_00062,bs_biggerspin_kickflip,1,kickflip,3,1,0.0,0.7333333333333333
skateai_batb_11__championship_battle_luan_oliveira_vs_chris_joslin_00063,laser_flip,1,heelflip,2,-1,0.0,0.6333333333333333
skateai_batb_11__championship_battle_luan_oliveira_vs_chris_joslin_00064,laser_flip,1,heelflip,2,-1,0.0,0.6166666666666667
skateai_batb_11__championship_battle_luan_oliveira_vs_chris_joslin_00065,fs_360,0,none,2,0,0.0,0.6833333333333333
skateai_batb_11__championship_battle_luan_oliveira_vs_chris_joslin_00066,fs_360_heelflip,1,heelflip,2,-1,-180.0,0.7333333333333333
skateai_batb_11__championship_battle_luan_oliveira_vs_chris_joslin_00067,fs_360_heelflip,1,heelflip,2,-1,0.0,0.6333333333333333
skateai_batb_11__championship_battle_luan_oliveira_vs_chris_joslin_00068,double_kickflip,2,kickflip,0,1,0.0,0.31666666666666665
skateai_batb_11__championship_battle_luan_oliveira_vs_chris_joslin_00069,double_kickflip,2,kickflip,0,1,0.0,0.3333333333333333
skateai_batb_11__3rd_place_battle_tom_asta_vs_sewa_kroetkov_00001,bs_360_shuvit,0,none,2,0,0.0,0.4166666666666667
skateai_batb_11__3rd_place_battle_tom_asta_vs_sewa_kroetkov_00003,fs_shuvit,0,none,1,0,0.0,0.7166666666666667
skateai_batb_11__3rd_place_battle_tom_asta_vs_sewa_kroetkov_00004,fs_shuvit,0,none,1,0,0.0,0.6
skateai_mike_mo_capaldi_vs_furby_batb1__round_1_00030,fs_bigspin_heelflip,1,heelflip,2,-1,0.0,0.4
skateai_mike_mo_capaldi_vs_furby_batb1__round_1_00035,fs_bigspin,0,none,2,0,0.0,0.5333333333333333
skateai_mike_mo_capaldi_vs_furby_batb1__round_1_00052,fs_bigspin_heelflip,1,heelflip,2,-1,-180.0,0.7166666666666667
skateai_mike_mo_capaldi_vs_furby_batb1__round_1_00053,fs_bigspin_heelflip,1,heelflip,2,-1,0.0,0.4
skateai_arto_saari_vs_chico_brenes_batb1__round_1_00028,varial_heelflip,1,heelflip,1,-1,180.0,0.6666666666666666
skateai_arto_saari_vs_chico_brenes_batb1__round_1_00039,varial_kickflip,1,kickflip,1,1,180.0,0.5166666666666667
skateai_arto_saari_vs_chico_brenes_batb1__round_1_00040,varial_kickflip,1,kickflip,1,1,-180.0,0.7
skateai_arto_saari_vs_chico_brenes_batb1__round_1_00041,laser_flip,1,heelflip,2,-1,0.0,0.36666666666666664
skateai_billy_marks_vs_danny_supa_batb1__round_1_00010,bs_bigspin_inward_heelflip,1,heelflip,2,-1,180.0,0.36666666666666664
skateai_billy_marks_vs_danny_supa_batb1__round_1_00031,bs_360_kickflip,1,kickflip,2,1,180.0,0.6166666666666667
skateai_brandon_biebel_vs_nick_mclouth_batb1__round_1_00020,bs_360,0,none,2,0,0.0,0.6166666666666667
skateai_brandon_biebel_vs_nick_mclouth_batb1__round_1_00021,bs_360,0,none,2,0,0.0,0.7666666666666667
skateai_brandon_biebel_vs_nick_mclouth_batb1__round_1_00027,bs_360_kickflip,1,kickflip,2,1,0.0,0.45
skateai_steve_berra_vs_chris_roberts_batb1__round_1_00022,bs_biggerspin_kickflip,1,kickflip,3,1,0.0,0.5
skateai_clint_peterson_vs_paul_shier_batb1__round_1_00018,bs_180_double_kickflip,2,kickflip,1,1,-180.0,0.7166666666666667
skateai_clint_peterson_vs_paul_shier_batb1__round_1_00026,bs_180_double_kickflip,2,kickflip,1,1,0.0,0.7333333333333333
skateai_clint_peterson_vs_paul_shier_batb1__round_1_00027,bs_180_double_kickflip,2,kickflip,1,1,0.0,0.55
skateai_clint_peterson_vs_paul_shier_batb1__round_1_00031,varial_kickflip,1,kickflip,1,1,0.0,0.65
skateai_clint_peterson_vs_paul_shier_batb1__round_1_00040,pop_shuvit,0,none,1,0,180.0,0.85
skateai_clint_peterson_vs_paul_shier_batb1__round_1_00041,pop_shuvit,0,none,1,0,0.0,0.3333333333333333
skateai_clint_peterson_vs_paul_shier_batb1__round_1_00042,tre_double_flip,2,kickflip,2,1,0.0,0.18333333333333332
skateai_clint_peterson_vs_paul_shier_batb1__round_1_00050,tre_double_flip,2,kickflip,2,1,0.0,0.6666666666666666
skateai_clint_peterson_vs_paul_shier_batb1__round_1_00051,tre_double_flip,2,kickflip,2,1,0.0,0.5333333333333333
skateai_daniel_castillo_vs_andrew_reynolds_batb1__round_1_00009,bs_360,0,none,2,0,0.0,0.7666666666666667
skateai_sean_malto_vs_donovan_strain_batb1__round_1_00015,fs_180_double_kickflip,2,kickflip,1,1,0.0,0.6166666666666667
skateai_sean_malto_vs_donovan_strain_batb1__round_1_00016,fs_180_double_kickflip,2,kickflip,1,1,0.0,0.6333333333333333
skateai_sean_malto_vs_donovan_strain_batb1__round_1_00024,fs_shuvit,0,none,1,0,0.0,0.5333333333333333
skateai_sean_malto_vs_donovan_strain_batb1__round_1_00028,fs_360_shuvit,0,none,2,0,180.0,0.5166666666666667
skateai_sean_malto_vs_donovan_strain_batb1__round_1_00034,hard_double_flip,2,kickflip,1,1,0.0,0.85
skateai_sean_malto_vs_donovan_strain_batb1__round_1_00035,hard_double_flip,2,kickflip,1,1,0.0,0.26666666666666666
skateai_sean_malto_vs_donovan_strain_batb1__round_1_00036,hard_double_flip,2,kickflip,1,1,-180.0,0.38333333333333336
